,Positive,ROI_past_ma10
0,False,
1,1,
2,1,
3,1,
4,1,
5,1,
6,1,
7,0,
8,0,
9,1,
10,0,
11,0,0.009392780898220604
12,0,0.00633387826410882
13,0,-0.0037447472214831995
14,1,-0.00542206962876839
15,0,0.0012185929752301292
16,0,0.0006760664222097801
17,0,-0.0017210757128850575
18,0,-0.002430033220023729
19,1,-0.0033412273039991783
20,0,-0.002743987415000498
21,1,-0.005950175515248152
22,0,-0.004808414343059486
23,0,-0.007095236410503466
24,0,-0.0077290968578360205
25,0,-0.009288910977394904
26,0,-0.01037178617270883
27,0,-0.010986444017684144
28,0,-0.011436739067243172
29,0,-0.01263302182253806
30,0,-0.012527340891709864
31,1,-0.012395190617906896
32,1,-0.00961579179343589
33,0,-0.007229074960199669
34,0,-0.00727684769060198
35,1,-0.007138196419440197
36,1,-0.0060853145589332735
37,1,-0.005020661403760984
38,0,-0.003948954524852167
39,0,-0.005133036941555718
40,1,-0.006854141060002381
41,1,-0.006147441116935046
42,0,-0.005066414797031204
43,0,-0.005949712451722429
44,0,-0.0068164763769816865
45,0,-0.007354483872377415
46,0,-0.007877262682213585
47,0,-0.008799879748257751
48,1,-0.009011151279014204
49,1,-0.008198321289190234
50,0,-0.007585933104210815
51,0,-0.008118880653108597
52,1,-0.008456400960357206
53,0,-0.007760755423586848
54,0,-0.007747571019821922
55,1,-0.008122083215610762
56,1,-0.007858928125901126
57,1,-0.006496154840814921
58,1,-0.006330836546894941
59,1,-0.0057468494932948295
60,1,-0.004588073370815923
61,1,-0.004139112142359679
62,1,-0.0040375940169795725
63,1,-0.003932679512461227
64,1,-0.0032669576714527792
65,1,-0.0024904707486019338
66,0,-0.0023399582861186883
67,1,-0.002317164768739624
68,1,-0.002138684611516278
69,0,-0.0020141216158044476
70,0,-0.002244997173161041
71,0,-0.002451602594240943
72,1,-0.0024797411858333385
73,1,-0.0024184758589010603
74,1,-0.002298794488346181
75,1,-0.0021878881245867552
76,0,-0.0013122171660458486
77,0,-0.0015409259488281086
78,0,-0.0018829109661268263
79,0,-0.0022567354620943417
80,0,-0.0024558138896710944
81,0,-0.0025721611444765287
82,0,-0.003121982299297735
83,0,-0.0037733203638249235
84,0,-0.0039355240457539424
85,0,-0.003936682900842185
86,0,-0.00391179073398309
87,1,-0.003948693482840012
88,1,-0.003505148769398182
89,0,-0.0032558786688737453
90,0,-0.0038059450111090267
91,0,-0.004570396809919661
92,0,-0.004730266805063329
93,0,-0.0048123012769016715
94,1,-0.004802840028160913
95,0,-0.004740849028082708
96,0,-0.004934142226968673
97,1,-0.004947978011713687
98,1,-0.004680266461428219
99,1,-0.004440184393699525
100,1,-0.0042439739987089505
101,0,-0.0041414488742281055
102,0,-0.005006957091492196
103,1,-0.005343197611738112
104,1,-0.005548302895651856
105,0,-0.0056100550618415025
106,1,-0.005967204402795013
107,1,-0.005755506713778808
108,1,-0.005329864640251644
109,0,-0.005170601054424681
110,0,-0.005261246012071875
111,0,-0.005140998418872849
112,1,-0.00494475276234643
113,1,-0.003706860431324113
114,1,-0.0034211216940018873
115,0,-0.004190650609819216
116,0,-0.00414610580556578
117,1,-0.0038633836402471333
118,1,-0.00336212608651441
119,1,-0.0029469677190095554
120,1,-0.0029454349255708906
121,0,-0.0022405435212612254
122,1,-0.0025298596523508866
123,1,-0.0019688253484586634
124,1,-0.0014108556665024996
125,1,-0.0006815403572221714
126,1,-0.000135248923789203
127,1,0.00016205251247425806
128,0,0.00043331270362743034
129,0,0.0008137388410537848
130,1,0.0007251222083598096
131,0,0.0008371743543215984
132,0,6.943528317876332e-05
133,0,-0.00091246083382314
134,0,-0.0010782538356617181
135,0,-0.0011120317673347913
136,0,-0.001448166947306161
137,0,-0.0020329255866913948
138,0,-0.002579048191092333
139,1,-0.0024400076437957603
140,0,-0.001593779070131569
141,1,-0.001896417713051649
142,0,-0.0022657095004118407
143,1,-0.00199332175082239
144,1,-0.0015420321689780365
145,0,-0.0011168449284067537
146,0,-0.0011298993600525214
147,0,-0.0010910549191665408
148,1,-0.000909609877301573
149,0,-0.0009665955016206945
150,1,-0.0012273208106810204
151,0,-0.0006295289550555688
152,0,-0.0005296494682368781
153,0,-0.0010561963980620988
154,0,-0.0011298612996727597
155,1,-0.0009830269588155386
156,1,-0.0007916204837602989
157,1,-0.0011124799054693653
158,0,-0.0010813110829856428
159,0,-0.001435312861016981
160,1,-0.002294778032160914
161,0,-0.0025135181699589676
162,0,-0.0026483025496379905
163,0,-0.0027766718192951223
164,1,-0.0031882315619259005
165,1,-0.0034415137764956904
166,0,-0.003425607657149713
167,0,-0.003417776509789563
168,0,-0.0035321011045617834
169,1,-0.0036713571814215203
170,1,-0.0034038107241794813
171,0,-0.0032293731874415716
172,0,-0.0032795242331272105
173,1,-0.0033393897841932957
174,1,-0.003206868368830111
175,1,-0.0029051862905340744
176,1,-0.002979574873873475
177,1,-0.002569142092222401
178,1,-0.002152524458368889
179,0,-0.001665099394937199
180,0,-0.0016358448778522568
181,0,-0.001962567884808227
182,1,-0.0014973807085104315
183,0,-0.0008452156566331109
184,1,-0.0006975216095350952
185,0,-0.0006251716489668892
186,0,-0.0006705256155950539
187,0,-0.0006665511081920438
188,0,-0.0010668444348175298
189,1,-0.00134189831757361
190,1,-0.0007665863525644263
191,1,0.00031845407545059464
192,1,0.0006783703129131533
193,1,0.0009408633306303171
194,1,0.0014375222739465246
195,0,0.0014710211970867507
196,1,0.0015844656337166514
197,0,0.001703971695915452
198,0,0.0014643992735611073
199,0,0.001135793528242953
200,0,0.0008210400457286465
201,1,0.0007371858839007973
202,1,0.001137297853561646
203,1,0.0022459491800346583
204,1,0.002485159745824455
205,1,0.002565950883334354
206,1,0.0030680226116430874
207,0,0.0028604435928676797
208,0,0.0023411012538867224
209,1,0.002188043098894924
210,0,0.0022512658764241335
211,0,0.002301713741835772
212,1,0.00216314351232767
213,1,0.0021632356525075787
214,0,0.0022328482148807915
215,0,0.0021016014187013148
216,1,0.0020851973888282548
217,0,0.002227683451023751
218,1,0.0018021023213206915
219,1,0.0017283398098382724
220,1,0.0019496592728168618
221,1,0.0021470377813442485
222,1,0.002306296381841413
223,1,0.002372733655430375
224,1,0.0020679606750264347
225,1,0.002015988255389816
226,0,0.002064272057132592
227,0,0.0019155390155251174
228,0,0.0014844357992168534
229,1,0.001316227751800764
230,0,0.0015736137986160786
231,0,0.0013563826867110903
232,0,0.0013163106515385059
233,1,0.0016075918241166105
234,1,0.0019441740919370145
235,0,0.0020306349017227576
236,0,0.001981017102244341
237,1,0.0021186390464335053
238,0,0.002359894370685285
239,0,0.0026456057706269404
240,0,0.0024211825050662076
241,1,0.002456506440545659
242,0,0.002444883898503301
243,0,0.002183067318809271
244,1,0.0018766008490330502
245,0,0.0017818328485344947
246,0,0.0018103526509237334
247,1,0.002089595155559765
248,1,0.0020958832499970454
249,1,0.0021049117989845444
250,0,0.0022031466876325646
251,1,0.0018056801527340082
252,1,0.002078028322744024
253,1,0.0026978533536649307
254,1,0.003230243558411292
255,0,0.0033854826878540133
256,1,0.003085496400864694
257,1,0.0028041067532407595
258,1,0.0030591840130264917
259,1,0.003294502581653302
260,0,0.0035731314697959858
261,0,0.00336603729772922
262,0,0.003171098411331916
263,0,0.003178234873276867
264,0,0.0030635429624609077
265,1,0.002579115131234274
266,1,0.002870101097483612
267,0,0.002946102178750298
268,1,0.002861125389848338
269,0,0.002968403231630284
270,1,0.0028064806607291585
271,0,0.002950785242349368
272,0,0.0027488393018787554
273,0,0.0023052846153941648
274,0,0.001789150005434324
275,1,0.001302438470509551
276,0,0.0007829293253747294
277,0,0.0005004030238638853
278,0,0.00023104526768932427
279,0,-0.00022937010400827097
280,1,-0.00011304822233541785
281,1,0.000478823890409345
282,1,0.0005168552322336989
283,1,0.0005144731940518138
284,1,0.0007403243276309949
285,1,0.0008661057497651092
286,0,0.001057671605655241
287,0,0.0009563403336293835
288,0,0.0007830307811554966
289,0,0.0003650102400297513
290,0,0.0001897417199640105
291,0,-0.00021758467733710236
292,0,-0.00047658425274456877
293,1,-0.0007101174138607171
294,1,-0.0006979236631180594
295,0,-0.0005590438292829075
296,0,-0.000613745908078173
297,0,-0.0008068098862636291
298,0,-0.0008485455087355653
299,0,-0.0009190042542399823
300,1,-0.0008011497756475318
301,0,-0.0007106662489445237
302,1,-0.0009390803566733389
303,1,-0.0018417120203500198
304,1,-0.002271111760736165
305,1,-0.002268564808774512
306,1,-0.0021090219727938
307,1,-0.0021316254378624016
308,1,-0.0017993349068514857
309,0,-0.001581426426445041
310,0,-0.0016504531383950086
311,0,-0.0014501279321997326
312,0,-0.0014028803675452015
313,1,-0.0015721639280431034
314,1,-0.0013477174706155689
315,0,-0.001172151190190623
316,0,-0.0011446404457953674
317,0,-0.0012587751889046898
318,0,-0.0013340052844244394
319,1,-0.0015418382043826597
320,1,-0.0018160304536284295
321,1,-0.0020001029997257914
322,1,-0.0019261985725092803
323,1,-0.0019095055389950794
324,1,-0.0018995758725184166
325,1,-0.0021172171201989153
326,0,-0.0021801773727901665
327,0,-0.002298608581230567
328,0,-0.0019610065829850473
329,1,-0.0017368395819933554
330,1,-0.0017853674732707166
331,0,-0.0015757545472193676
332,0,-0.0016866439583914637
333,0,-0.0018754548515442565
334,1,-0.002094015388429004
335,1,-0.00202344161746504
336,0,-0.0018293897657285394
337,0,-0.001765448541468145
338,1,-0.001919893370337231
339,0,-0.0017883377587374104
340,0,-0.0017878778350912136
341,0,-0.0017411188065769609
342,0,-0.0017432487156990558
343,1,-0.0014927064139445738
344,1,-0.0009747975523174508
345,0,-0.0008061497746284224
346,0,-0.0005580687110001228
347,1,-0.0004030320893725931
348,1,-0.00026857519171545456
349,0,-0.000500389591089022
350,1,-0.0006910370722269323
351,1,-0.0003728382105526897
352,1,-0.00033721631784005375
353,1,-0.0004271190010341171
354,0,-0.0005385120421791846
355,1,-0.0005640664469065898
356,1,-0.0003977648110300828
357,1,-5.953375369790112e-05
358,0,-0.0002084679724525889
359,0,-0.0003976677194292678
360,0,-0.0005249229896127747
361,0,-0.0004166394903592456
362,0,-0.00028741773142498963
363,0,-0.00025919579017730866
364,1,-0.00019694645132307904
365,1,8.676065814062176e-05
366,1,-0.00015506100005988088
367,0,-6.988370028694911e-05
368,0,-4.5512159696095134e-05
369,1,-0.00013211775202530898
370,1,0.0002154085022016928
371,1,0.000276530803018082
372,0,0.0005976736787922901
373,1,0.0009610136874018162
374,0,0.001281824815512471
375,1,0.0013662793114209216
376,1,0.0014084872656113332
377,1,0.0016359562923251563
378,1,0.0019664559583724814
379,1,0.002321486910686494
380,1,0.002379743918096814
381,1,0.0022384860444482043
382,1,0.0022188364655557594
383,1,0.0021659788382507473
384,1,0.002080462095836605
385,1,0.0020152823725755704
386,0,0.0019726001047182754
387,0,0.0020407391464574444
388,0,0.002172353111057969
389,1,0.0020786160094547535
390,0,0.00221239954063157
391,1,0.0021645088934024257
392,0,0.0022638010413591624
393,1,0.0021837025234217942
394,1,0.0017762271366352598
395,0,0.0017425129877856286
396,0,0.0018575468302548187
397,1,0.0018535487845593626
398,0,0.001934440758588778
399,0,0.0019361755897050273
400,1,0.0019820529663289125
401,1,0.002174325307327426
402,0,0.002644820292939594
403,0,0.0025205321448355054
404,1,0.002377944582440148
405,0,0.0022409894769153033
406,0,0.001654240614376775
407,0,0.0011648673103633578
408,1,0.000745149210920592
409,1,0.0008416106771273816
410,1,0.0008874557287326687
411,1,0.000990930023390451
412,1,0.001405268427592611
413,0,0.0015265457813126637
414,1,0.0011828870748050169
415,0,0.001045486926411595
416,1,0.0009028937655324056
417,1,0.000995162783487462
418,1,0.0012028752942175999
419,1,0.0013137811116648052
420,1,0.0015198617392800783
421,1,0.0017182372773773156
422,0,0.0015964127157654029
423,0,0.001314333684301969
424,1,0.001202744450427691
425,1,0.0011958390315859571
426,1,0.0011375904117101748
427,1,0.0014523547135655477
428,1,0.0015956353299454377
429,1,0.0016486745632614693
430,1,0.0017899413114135817
431,1,0.002157444117668769
432,1,0.0025900575630298166
433,1,0.0030415091288222965
434,1,0.0033870685978370845
435,1,0.0034318992826658508
436,0,0.0034001594255358364
437,0,0.003409792761184983
438,1,0.0034448487840559334
439,1,0.0036524905108308125
440,1,0.00400587981517747
441,0,0.004023256582247811
442,1,0.003901181800879383
443,1,0.004214702057120251
444,1,0.004367364397522264
445,1,0.004512339235997392
446,1,0.004724871935088152
447,1,0.004765214565067747
448,0,0.004689285443222104
449,0,0.004607210483888834
450,1,0.004390516746789769
451,1,0.004456935910551573
452,1,0.0044478754415227615
453,0,0.004313860018779303
454,1,0.003978846548366998
455,1,0.004562987690497163
456,0,0.004662019709740377
457,0,0.004179102048534147
458,1,0.003952463782106046
459,1,0.004062013903812261
460,1,0.0043947656817875675
461,1,0.004924103157351418
462,1,0.005139997873147796
463,1,0.005328593550520163
464,1,0.005625672761063922
465,0,0.0061076926402366645
466,0,0.0059071176311725196
467,0,0.005108355375173621
468,0,0.004225415155709008
469,1,0.003633785910279763
470,0,0.0034029122261567553
471,0,0.0031386997284787743
472,0,0.002466038584734117
473,0,0.0025095210850109447
474,1,0.002381497028853484
475,1,0.0027238365484322487
476,1,0.0030182888509527805
477,0,0.0033613218670338414
478,0,0.0031017626650285735
479,1,0.002933777010704387
480,1,0.003168561859324564
481,1,0.0033805256677578955
482,0,0.003400718885536643
483,0,0.0029546216911241043
484,1,0.002739779569172352
485,1,0.0029449562291001567
486,1,0.0031849790422648684
487,1,0.003529575016462382
488,0,0.0036732317967286027
489,0,0.00404132941947877
490,0,0.003743493668470079
491,0,0.003560186320446393
492,0,0.003459914967514785
493,0,0.00336791693863036
494,1,0.003092992683204715
495,1,0.0029915035826701486
496,1,0.0032784348715224343
497,1,0.0035768037366043105
498,1,0.0036079595767042768
499,1,0.004045077344015987
500,0,0.0040714068804874395
501,0,0.003748275564513186
502,0,0.003243177193460744
503,0,0.0031407021375800754
504,0,0.0031290489847611846
505,0,0.0026125972812081786
506,0,0.0023756380386335913
507,1,0.0023878267150434155
508,1,0.00273396786209021
509,0,0.0028359253912884413
510,1,0.002721276847484232
511,0,0.0028117253201537205
512,0,0.0023275898143768183
513,0,0.0018152911666453764
514,0,0.0013867480704422743
515,0,0.001043652874291615
516,0,0.0008053445848350203
517,1,0.0005398932960217924
518,1,0.0007149782523818603
519,0,0.0007946943314036507
520,0,-4.544384287879337e-05
521,0,-0.0006513194473783805
522,1,-0.0008714196552313561
523,0,-0.0004072811270978691
524,0,-0.0007705911721532328
525,0,-0.0014006148097331333
526,1,-0.0015551159931458996
527,0,-0.0013854271820169604
528,1,-0.0015961968851831443
529,1,-0.0012373884224788328
530,0,-0.0011725895335173017
531,1,-0.0016057273911913319
532,1,-0.0016427654780030332
533,0,-0.0016957741322258012
534,0,-0.0020673236818406758
535,0,-0.002576246417143527
536,0,-0.0031351043012508295
537,0,-0.0030970588747005444
538,0,-0.0031176940279556316
539,0,-0.0037034090720675615
540,1,-0.0047818392830299705
541,1,-0.004539798894478921
542,1,-0.004085119263695615
543,0,-0.004223665848264426
544,0,-0.0049214584370135175
545,0,-0.00583139912925637
546,0,-0.006070902720313198
547,0,-0.006362996344211166
548,0,-0.006742396417554335
549,1,-0.007036059246460851
550,1,-0.006427593737088262
551,1,-0.006319236114576592
552,1,-0.006396590420227955
553,0,-0.0064216720733584545
554,1,-0.006885223915563675
555,1,-0.007205212955207363
556,0,-0.007354684805400206
557,1,-0.007463976990591478
558,1,-0.006625877730562743
559,1,-0.006420854503893047
560,0,-0.006656000875572955
561,0,-0.0072793464080973536
562,0,-0.007492678010281392
563,1,-0.007768772230596903
564,1,-0.007291686768382327
565,0,-0.007382807667046769
566,1,-0.007634458878794667
567,1,-0.006793840553759531
568,0,-0.005398681427629191
569,0,-0.004944873350997426
570,0,-0.00517481376571314
571,0,-0.005124243709478513
572,0,-0.0046377085212356214
573,0,-0.0048277856767060924
574,0,-0.0049260938589304765
575,1,-0.00529454116464231
576,1,-0.005556630867513936
577,1,-0.004229386037296279
578,1,-0.004120690967778035
579,1,-0.003734661196905423
580,0,-0.0038273000166333566
581,0,-0.004312663250544594
582,1,-0.004476546109238911
583,1,-0.004005284574431547
584,1,-0.0036755167786823003
585,1,-0.0035474758012341958
586,1,-0.003323759725170397
587,0,-0.0035164594928554747
588,0,-0.0036242826205427903
589,0,-0.0035987295544143605
590,0,-0.0035157807711010697
591,0,-0.0033591024837896374
592,1,-0.0034890615439679335
593,1,-0.0031210110651180155
594,0,-0.002764567792702509
595,0,-0.0029813739865223194
596,1,-0.0033047284418228373
597,0,-0.0034442833862235356
598,1,-0.0035525752165871793
599,0,-0.003779805031248717
600,0,-0.004233679832588463
601,0,-0.004672039492320956
602,1,-0.004614141347291163
603,1,-0.004167819042054458
604,1,-0.0036319735109091827
605,1,-0.0029544330986856653
606,0,-0.0023151966839981847
607,0,-0.002120026721099851
608,0,-0.002384114062034431
609,1,-0.0027230741115765035
610,0,-0.0022473284040933853
611,0,-0.002595330564911792
612,0,-0.002765282972585549
613,0,-0.0025413177926679087
614,0,-0.002172672678587922
615,1,-0.0019017072121234005
616,1,-0.0010925545969237551
617,1,-0.0006522617475241822
618,0,-0.0008455729479542053
619,0,-0.0012237638055518213
620,0,-0.000694878924229992
621,0,-0.0004973592448488175
622,0,-0.0004908347519629593
623,1,-0.0008219280837451802
624,0,-0.000285659444776813
625,0,4.661658534976222e-05
626,0,-0.00020314714832847384
627,1,-0.0004780631466378054
628,1,-0.00031486423987907503
629,1,-0.0005703365097377243
630,1,-0.0007916506279496923
631,1,-0.0004994409080299637
632,0,-0.0004884966738417483
633,0,-0.0007563435522480325
634,0,-0.0007795369703163166
635,0,-0.0006183756936912981
636,0,-0.0004106502568451231
637,1,-0.0008227325410134411
638,1,-0.0003499402265777624
639,0,0.0003386762213877598
640,0,0.00017467305514395445
641,0,-0.0006713026918103967
642,1,-0.0010811371880932188
643,0,-0.00061353398520472
644,0,-0.0004233856053303838
645,0,5.2469675364010486e-05
646,0,-6.792627706261081e-05
647,1,3.157221458985997e-05
648,0,0.00042287360625525123
649,0,0.0005363507199914537
650,0,0.0001381680798798479
651,1,-0.00041407679290247955
652,1,-0.00023164320717352838
653,1,4.771009709600559e-05
654,1,0.0005854346578806569
655,1,0.0005943315310617034
656,1,0.0009542108365305171
657,0,0.0013319768515022506
658,1,0.0005149291401362314
659,1,0.0003105083926877192
660,0,0.0005448854835481514
661,0,0.0005615197763258322
662,0,0.00035996019055228303
663,0,0.00040498619501025174
664,1,-0.0004508371010903078
665,0,-0.0006931405611949304
666,0,-0.0005516773885480661
667,0,-0.0009999742187155518
668,1,-0.0017415627477280194
669,0,-0.0015472084535847828
670,0,-0.0015546187656894914
671,0,-0.0016494668620932404
672,0,-0.0017468815580664449
673,0,-0.001873382190047678
674,0,-0.001989696956318834
675,0,-0.0024957167432397057
676,0,-0.003349418078824728
677,1,-0.005401067318169285
678,1,-0.005230820676169551
679,1,-0.004802712615494308
680,1,-0.004883862955499007
681,0,-0.004169991520989427
682,1,-0.004308037470361589
683,1,-0.004351140244172397
684,0,-0.003954397912317149
685,0,-0.005049418957741994
686,1,-0.006145797384998297
687,1,-0.006154732831359921
688,0,-0.0058800156235644776
689,0,-0.005848724273101625
690,0,-0.00674353440599271
691,1,-0.007073129796322005
692,0,-0.006454848866577296
693,0,-0.007082028269186117
694,0,-0.0077838648033441305
695,0,-0.008272193352849476
696,0,-0.008926452513802696
697,0,-0.009888624294179804
698,0,-0.009857581280077063
699,1,-0.010221663208468623
700,1,-0.007626297363380516
701,0,-0.006928926290979929
702,0,-0.00817757439372537
703,1,-0.008478185365492044
704,1,-0.007709879632138641
705,0,-0.007965648919711618
706,0,-0.008604408369189373
707,0,-0.00890830032615959
708,0,-0.008777680694643328
709,1,-0.009109728890528397
710,1,-0.009388054509125781
711,1,-0.008199306538808864
712,0,-0.007262673428199582
713,0,-0.0071853619972466224
714,0,-0.007352836504176512
715,1,-0.0075650827823753476
716,0,-0.007718296072645345
717,0,-0.00823682637928385
718,0,-0.009143047288182028
719,0,-0.009159909069560252
720,0,-0.009514096075440041
721,0,-0.00985741236407793
722,1,-0.010218942609110635
723,1,-0.009830833882161489
724,0,-0.009312690555317287
725,0,-0.0091195320020118
726,0,-0.009009001800154674
727,0,-0.009694700664577534
728,0,-0.010949522973130238
729,0,-0.011545784373988576
730,1,-0.011748412271528485
731,1,-0.011518132139998296
732,1,-0.010872043077770477
733,0,-0.010338138645679874
734,0,-0.010999525265187795
735,1,-0.011197764658849037
736,1,-0.010561058654468372
737,1,-0.009969289026336725
738,1,-0.010073283818655845
739,1,-0.009303623979948534
740,1,-0.007763092210631385
741,0,-0.006796265912999362
742,1,-0.00700913854974441
743,1,-0.007110202328915452
744,1,-0.0064796657406781775
745,1,-0.006025864182161735
746,0,-0.005810379710256167
747,0,-0.005890176128887945
748,0,-0.006167338075121903
749,0,-0.006371867424364417
750,1,-0.006571660590236276
751,0,-0.006286590270801822
752,0,-0.006574247596933366
753,1,-0.007193856353315288
754,1,-0.007113228642194387
755,1,-0.007155253102222976
756,1,-0.007023038884289144
757,1,-0.006598516001582669
758,0,-0.0061524401936436535
759,0,-0.00655952714033602
760,0,-0.0069045642104974625
761,0,-0.0068342028079326714
762,0,-0.0069073171232142275
763,0,-0.006859040302448149
764,0,-0.007039522440733997
765,1,-0.007553537265630854
766,0,-0.007310270117153288
767,1,-0.007794209211947349
768,1,-0.007354740856801105
769,1,-0.0067268487177708225
770,1,-0.005638047404631987
771,1,-0.005070094789967359
772,1,-0.004606911002223442
773,1,-0.003532468902773317
774,0,-0.0030323637409894765
775,0,-0.0026332974393866453
776,1,-0.002014549712456024
777,1,-0.001616925871925231
778,1,-0.0018230824477775953
779,1,-0.002139594031911859
780,1,-0.0013337674282279377
781,0,-0.0011549692516293103
782,0,-0.0012301266501481825
783,1,-0.001720999245504099
784,1,-0.0022336660209300186
785,0,-0.0014366286123732334
786,1,-0.0014288071194280567
787,0,-0.0012814173868087404
788,0,-0.0016287199316706656
789,0,-0.0017591327236519266
790,0,-0.0008969743086605631
791,1,-0.0004888441329659768
792,0,-0.0005654204516545506
793,0,-0.00018578191538697698
794,0,0.00014204630783171628
795,0,0.0006257345593186781
796,0,0.0011381085733981934
797,0,0.0017438737733067066
798,0,0.0012379541290147796
799,0,0.0013510000027026536
800,1,-0.0013469929519534574
801,1,-0.0012687816789108209
802,1,0.0007719252488797046
803,1,0.0012505208453954656
804,0,0.000271531532238239
805,1,6.536224005223838e-05
806,1,0.0007994244400460113
807,0,0.0016522511093956483
808,0,0.001637048334650694
809,1,0.001997482649240007
810,1,0.0024591483302189385
811,0,0.0018531502522007187
812,1,0.0012241223340324404
813,0,0.001473369805978435
814,0,0.0015662042477742428
815,1,0.0016287898075396231
816,1,0.0015282827347530533
817,1,0.001993143534079367
818,1,0.0033917428541244167
819,1,0.003828554612440717
820,0,0.004361696041062583
821,0,0.004637903157770342
822,1,0.005194187944561152
823,1,0.005110030983008104
824,0,0.0047171933533639195
825,1,0.004755526273166674
826,1,0.005007349454680149
827,1,0.006306354832766514
828,0,0.007800916356705722
829,0,0.008079830759077151
830,1,0.00815207421817808
831,1,0.007880907331317428
832,1,0.007086272619087983
833,0,0.006684650606235995
834,0,0.007528460022111855
835,1,0.007915884968704245
836,1,0.007757594106383603
837,0,0.007849827446304677
838,1,0.007527092193659632
839,1,0.006556037905137511
840,1,0.006126283126365792
841,0,0.005839849486259996
842,1,0.005880758469270848
843,1,0.00557987995268751
844,0,0.00520076410495464
845,0,0.004747648131747675
846,0,0.004225291043984279
847,1,0.00432008401263513
848,1,0.004557728107753679
849,1,0.005150858304977943
850,1,0.005597397713030679
851,0,0.005540842738629997
852,0,0.0054388254326166886
853,1,0.005587048569176333
854,1,0.005684474519470423
855,1,0.0058037911161222784
856,1,0.005358623524425213
857,1,0.00493724875120116
858,1,0.004880706377612742
859,1,0.005441068640363977
860,1,0.005662563894270203
861,1,0.006098981187424588
862,0,0.0067580627237538386
863,0,0.00667874154853624
864,0,0.006936612815430935
865,0,0.007155540529110981
866,0,0.006919233550198468
867,0,0.007488385930692986
868,0,0.00712042802807274
869,0,0.006360914134454126
870,0,0.005367995255729004
871,1,0.004844854384121778
872,0,0.004746884249480654
873,0,0.00380688022148709
874,1,0.003378771218655928
875,1,0.0036181799904152156
876,1,0.0039096546767447135
877,1,0.004175139390286525
878,0,0.004415487627014647
879,0,0.003911033952765183
880,0,0.0029019385032400587
881,0,0.0019061996609646237
882,0,0.002111117027061034
883,0,0.0023455082037503374
884,1,0.002090374859112794
885,1,0.002222258137635583
886,1,0.002965927044949456
887,1,0.0031351782795775063
888,1,0.0034720346347334634
889,1,0.0041209358783094955
890,0,0.004658104704776783
891,0,0.004555113700818735
892,0,0.004169094023576416
893,0,0.004268481074878258
894,1,0.004423345691047332
895,1,0.004815850730778106
896,1,0.005472300786558678
897,0,0.006016381637715093
898,0,0.006419745902438181
899,1,0.006561916978915168
900,1,0.0072856513178075144
901,1,0.007022503792565705
902,1,0.006413027008093712
903,1,0.006091379164259051
904,0,0.005914503055761442
905,1,0.005987622613711694
906,1,0.00576235854364818
907,0,0.005379223005651023
908,1,0.005498494901405356
909,1,0.005652616683639053
910,0,0.005249463271103896
911,0,0.004794866123866062
912,0,0.004478230156780558
913,0,0.004258057417386336
914,1,0.0043868177644457605
915,1,0.005059827097430806
916,1,0.005191460382318447
917,1,0.005112397431974488
918,0,0.004653750445084336
919,0,0.004451845780969412
920,0,0.004207340879578853
921,0,0.0043534676186933975
922,0,0.0042086256331913515
923,0,0.0038733823575190845
924,1,0.0034951479910889393
925,1,0.00359751208372811
926,1,0.003649766855285774
927,0,0.0030834580363403984
928,1,0.002794808857328834
929,1,0.0032276877782444206
930,1,0.003466504687394896
931,1,0.003362248993423963
932,1,0.0034347894003635727
933,1,0.0036617333730232806
934,1,0.0039129260772894775
935,1,0.003947369393104594
936,1,0.00375122744510617
937,0,0.0037246738159271765
938,0,0.0037281171869956685
939,0,0.0034719071093758337
940,1,0.0031907829220964314
941,1,0.0031890606203712714
942,0,0.0035138441847234496
943,0,0.0033601482410902423
944,0,0.002977039151598175
945,1,0.0029002618804060097
946,1,0.003498465669349724
947,1,0.003893168312122276
948,1,0.004387216530154297
949,0,0.004544905253360263
950,1,0.004375784449947801
951,1,0.004491635293876964
952,1,0.004682298346898301
953,0,0.004961293361414637
954,1,0.004719337991320621
955,1,0.004673904566220596
956,0,0.004643062513098336
957,0,0.004416460164164772
958,1,0.0040561526393825915
959,1,0.0039011400426399423
960,0,0.0038417882400655044
961,0,0.0034877263489523007
962,0,0.003146621866559114
963,1,0.0030948319240685063
964,0,0.003241010524892427
965,0,0.0032502820900408456
966,1,0.003125099117202968
967,1,0.003289393025323667
968,1,0.003720667747152942
969,1,0.003996219469049696
970,1,0.004234919886390396
971,1,0.0045561177355664196
972,1,0.004653490392595809
973,0,0.005052094046848588
974,1,0.0052761344988861
975,1,0.00525512961245567
976,1,0.005205898559836946
977,1,0.004798813711671239
978,0,0.0045771505717480815
979,0,0.004616927859033836
980,1,0.0046690440222015815
981,1,0.005264839763851182
982,1,0.0055190426341012065
983,0,0.0058174211247910565
984,1,0.005844428798227121
985,1,0.00577680143100843
986,0,0.005731605381696351
987,0,0.00536154432634812
988,0,0.0050681171717759975
989,0,0.004659012500113111
990,1,0.004243458733754642
991,1,0.004439006663733021
992,1,0.004599036598395611
993,1,0.004713409053472066
994,1,0.004789995635138696
995,0,0.004588989209920822
996,1,0.004132863935478599
997,0,0.004001652299062683
998,0,0.0040577806889187116
999,1,0.004165274626511136
1000,1,0.004017472334891263
1001,1,0.004060670681280213
1002,1,0.004183049496534213
1003,1,0.004320038807719512
1004,0,0.004442804027580714
1005,0,0.004530045538503577
1006,1,0.0044364930213758366
1007,1,0.0044397893068805535
1008,0,0.004498108756469076
1009,0,0.00434260204727675
1010,0,0.003889990082315482
1011,0,0.0034294019068162452
1012,1,0.003694827073249111
1013,0,0.003986790465037805
1014,0,0.0037808770338118446
1015,1,0.0031330581046831248
1016,0,0.0030723005231269294
1017,0,0.0029369050165822474
1018,0,0.002783765236026583
1019,0,0.0027894870649514377
1020,0,0.0028803412330562295
1021,0,0.002388858595612586
1022,0,0.002116295109141837
1023,1,0.0021272435760209905
1024,0,0.0023492970070162563
1025,0,0.002182844985538277
1026,0,0.0017956069366301078
1027,0,0.0016711688997683388
1028,1,0.00161302446203721
1029,0,0.001463489023442087
1030,0,0.0013098430090811735
1031,1,0.0011031944708333324
1032,1,0.001049763679714048
1033,0,0.0008456912771371443
1034,1,0.0005026558419616141
1035,1,0.0005280991864698399
1036,1,0.0005397898740587963
1037,1,0.0004638436858956646
1038,1,0.0005326186818243544
1039,1,0.0006353002046365536
1040,1,0.0008548296207068942
1041,0,0.000802373510474215
1042,0,0.0005035875845421377
1043,0,0.00036487275928961753
1044,0,0.00047220931714588054
1045,1,0.0006371678789727145
1046,1,0.0006384637839856325
1047,1,0.000635339428869609
1048,1,0.00029351848818500565
1049,1,0.00021467006894240623
1050,1,0.000602797130097397
1051,0,0.00047963961360333694
1052,1,0.0003470937997654994
1053,1,0.0004352549650602284
1054,1,0.0007916206798809267
1055,0,0.0005817578687171338
1056,0,7.056716170026463e-05
1057,1,6.182823733463234e-05
1058,0,0.00013775239535147415
1059,0,2.841577226941652e-05
1060,0,-0.00012228941345097637
1061,0,-0.0002577766586255563
1062,1,-0.0002515820764568864
1063,1,-5.291390639321821e-05
1064,1,0.0002073813798842112
1065,0,0.0004000858963922347
1066,1,0.0006412355174388209
1067,1,0.0007035243608872849
1068,1,0.0005845959354528943
1069,0,0.0005447717764399074
1070,0,0.0003574627979124104
1071,1,-1.6702914213330456e-05
1072,1,-0.00021677804165760336
1073,1,-0.00030452849264578125
1074,1,-0.0001749301644932238
1075,1,0.0001235211506892028
1076,1,0.00028824285285395035
1077,0,0.00033387019928852833
1078,0,-0.00040662470081599585
1079,1,-0.0005721193147421659
1080,1,-0.00039126498926721426
1081,0,-0.0006143235678819408
1082,0,-0.0008981572227309785
1083,0,-0.0010807692386078057
1084,0,-0.0012524515385058655
1085,1,-0.001736396077896476
1086,0,-0.0018904613613470497
1087,0,-0.0018818074798294102
1088,0,-0.0019367402096827733
1089,0,-0.0018783413911437536
1090,0,-0.002146275595558961
1091,0,-0.0025128774671730925
1092,0,-0.0026536481302099272
1093,1,-0.003028725730596677
1094,0,-0.002595740170976932
1095,0,-0.00270884148060866
1096,0,-0.002872752453117229
1097,0,-0.0029704807675636716
1098,0,-0.003061432826209631
1099,0,-0.0030963725913960728
1100,0,-0.0033069403674317404
1101,0,-0.0036652606379090347
1102,0,-0.004265746690677464
1103,1,-0.004782605845952185
1104,0,-0.004771999870266768
1105,1,-0.004812154113658192
1106,1,-0.004623969214659952
1107,1,-0.004473802493896366
1108,0,-0.004489711841905347
1109,1,-0.00465299175963632
1110,1,-0.004082235703434495
1111,1,-0.003186172967135852
1112,0,-0.0029921465841458677
1113,0,-0.00343031957945554
1114,0,-0.003485520015158697
1115,0,-0.0035851915594193205
1116,1,-0.0038211574118225027
1117,1,-0.003585567314720381
1118,1,-0.0035038646664870467
1119,1,-0.003414600588180985
1120,1,-0.002986666109053933
1121,0,-0.0023348132903910812
1122,0,-0.0019687396000006387
1123,0,-0.0021702636892342777
1124,0,-0.0025201255267837354
1125,0,-0.002550807343968179
1126,0,-0.0025257818655787926
1127,0,-0.00256986118874418
1128,0,-0.002609115934739539
1129,0,-0.00310623503886733
1130,0,-0.0034691246319635545
1131,0,-0.003703059122128748
1132,0,-0.003995631016039621
1133,1,-0.004195321451352948
1134,1,-0.003960939597091508
1135,1,-0.0035880629679811192
1136,1,-0.003297091117726128
1137,1,-0.0033717137690645266
1138,1,-0.0030352822551441595
1139,1,-0.0028696761070921184
1140,0,-0.0028446828787438232
1141,0,-0.003531287801566381
1142,1,-0.003369826648823666
1143,1,-0.002711124891402425
1144,1,-0.002205221168412773
1145,1,-0.002182231064025321
1146,1,-0.002140838310868311
1147,1,-0.0021947216663252573
1148,0,-0.0023059900307742655
1149,0,-0.002658110681852344
1150,0,-0.003183434834969959
1151,1,-0.0032259797697749924
1152,1,-0.0029204393726429334
1153,1,-0.003199852179556498
1154,1,-0.0031859882829474474
1155,0,-0.002954709296163562
1156,0,-0.0026425632249054243
1157,1,-0.002617262646144226
1158,0,-0.002654368037753807
1159,0,-0.0028321598860170127
1160,1,-0.0028634701618074315
1161,0,-0.0026593145006215345
1162,1,-0.002600870246514072
1163,0,-0.0024642030693664257
1164,0,-0.0029129481235085656
1165,0,-0.003437016209054681
1166,0,-0.003782194375510153
1167,0,-0.003931458378003203
1168,0,-0.004226492304997852
1169,1,-0.004399088825633784
1170,1,-0.004329642562699143
1171,1,-0.004165329184475744
1172,0,-0.004166202289659886
1173,1,-0.004416065092163465
1174,1,-0.0042721608748105344
1175,1,-0.004434416937327734
1176,0,-0.004560525363511602
1177,1,-0.004779600617268905
1178,1,-0.0039388444873363826
1179,0,-0.0034737186527537822
1180,1,-0.0036235344771171733
1181,0,-0.0035580707859404503
1182,0,-0.0033985124312461623
1183,1,-0.003300068440731171
1184,1,-0.002991614943966542
1185,1,-0.0024870527696423585
1186,1,-0.001985189932594011
1187,1,-0.0015577546825905066
1188,1,-0.0012896376546628944
1189,1,-0.0012677801435729153
1190,1,-0.0006390869640268024
1191,0,-0.00015450431460516128
1192,0,-0.00013997649071430246
1193,0,5.813289873484772e-05
1194,0,-0.00041485491322609314
1195,0,-0.0003860571783644326
1196,1,-0.0003309114958621497
1197,1,-5.555867760330024e-05
1198,0,0.00023119384563225016
1199,1,9.492358007644146e-05
1200,1,0.0002635152027033751
1201,1,0.0006827133173749647
1202,1,0.0011652615799737538
1203,0,0.0014926344756416609
1204,1,0.0012090150504585758
1205,1,0.002338138253246827
1206,1,0.0024896734051695125
1207,0,0.0024367009953298645
1208,1,0.002406190775932759
1209,1,0.002680045661165786
1210,1,0.0024276414401050057
1211,1,0.002113628094917823
1212,1,0.002089595380153505
1213,1,0.0024286183927822993
1214,0,0.0027606212922168943
1215,0,0.0029415621318165702
1216,0,0.00291231241125254
1217,1,0.0027415013154803896
1218,1,0.0027515525941947533
1219,1,0.0027905301058530757
1220,1,0.002420778362151623
1221,1,0.0023995619329741317
1222,0,0.0024802318387954375
1223,0,0.002644934875911865
1224,0,0.0028392269129743604
1225,0,0.0027344008382494496
1226,0,0.0026748521008142746
1227,0,0.0024991953568468837
1228,1,0.00244809353991918
1229,1,0.003033534860691633
1230,0,0.0034635363609868968
1231,0,0.003707161322678408
1232,1,0.0038278458450184687
1233,1,0.004089086930330205
1234,0,0.0039947215148270964
1235,0,0.003436633040673376
1236,0,0.0025611163816157676
1237,1,0.0023058174769784146
1238,1,0.0021065315965053065
1239,1,0.001994680634091438
1240,1,0.0020663307404689838
1241,0,0.002832574814245663
1242,0,0.0028834421431889056
1243,0,0.0024292893401769585
1244,1,0.0020439329235491816
1245,0,0.002051934295881271
1246,0,0.0018733890414784201
1247,0,0.0015895643422116894
1248,0,0.0014752265321628468
1249,1,0.0015675154556340585
1250,1,0.0018371763314489397
1251,1,0.0020015811496508647
1252,1,0.0018928827751424173
1253,0,0.0018796912729086243
1254,0,0.0015086419591461018
1255,0,0.0011221971091644395
1256,0,0.0012167727160224818
1257,0,0.0011654558520961353
1258,1,0.001068925339350412
1259,1,0.0014076828617773153
1260,1,0.0016169512847093725
1261,1,0.0016240696247984718
1262,1,0.0019172775148360282
1263,0,0.0018698142381183753
1264,1,0.001972705124036328
1265,0,0.0024505084799763114
1266,0,0.0028319388576976325
1267,1,0.0028722879231084524
1268,1,0.0032082624399163533
1269,1,0.0036353467675917972
1270,0,0.003704101764124709
1271,0,0.003404674946682185
1272,0,0.0030796696952108287
1273,1,0.0028326312465313487
1274,1,0.002808258976360138
1275,0,0.0027648755927041145
1276,0,0.0025460945437411533
1277,0,0.0024032137640999764
1278,1,0.0019699282808747476
1279,1,0.0018571734765438887
1280,0,0.0020165748544684384
1281,1,0.0019345263492235257
1282,1,0.001968996974735367
1283,1,0.002065709871637451
1284,1,0.0021773108149134228
1285,0,0.0019902488061573093
1286,1,0.0014766734656781757
1287,1,0.0012236080081017616
1288,1,0.0013333876217307755
1289,0,0.0013344526656144259
1290,0,0.0010385403971365575
1291,1,0.0008662718868306164
1292,0,0.0010401567351355965
1293,0,0.0008966204631121581
1294,0,0.000795111954278378
1295,0,0.0008370650654037235
1296,1,0.0009591792914756639
1297,0,0.0007316016481781072
1298,0,0.00046721023256398334
1299,1,0.00036385227381638527
1300,0,0.0005238022290535902
1301,0,0.00031489906090502993
1302,0,-1.319193869058998e-05
1303,0,-0.00020940996481888
1304,0,-0.00011827753228527795
1305,0,-0.0013521319513907224
1306,0,-0.0018090120912208087
1307,0,-0.0020724748101301127
1308,0,-0.002114891635861655
1309,0,-0.002185468989791071
1310,0,-0.0023192663016786187
1311,1,-0.0024545636172790073
1312,1,-0.0022933825961447486
1313,1,-0.002223743864229859
1314,1,-0.0021846963018359216
1315,0,-0.001878671003563957
1316,0,-0.0019425867062146322
1317,0,-0.002136738186664255
1318,1,-0.0021671181261808036
1319,1,-0.0021755186669039335
1320,1,-0.002141869196812158
1321,0,-0.002048443910532903
1322,0,-0.0020795768721342963
1323,0,-0.0023696604410274732
1324,1,-0.0024095968648258775
1325,1,-0.002008362894863687
1326,0,-0.0016643642193356597
1327,0,-0.0014721164301344542
1328,1,-0.0014138209005317558
1329,1,-0.0015893351182688748
1330,0,-0.001568467674737357
1331,0,-0.0022449863100678967
1332,0,-0.0025077044593758207
1333,0,-0.0027357809273288046
1334,0,-0.0028609175070266175
1335,0,-0.0027346736967501107
1336,1,-0.0022128563952959293
1337,1,-0.0018950942256354278
1338,0,-0.0018383081642354025
1339,1,-0.001915292920035507
1340,0,-0.0019596360654731194
1341,0,-0.0020991537850032277
1342,0,-0.002303377146676716
1343,0,-0.002320537033389802
1344,1,-0.002309077489476033
1345,0,-0.00230705811729978
1346,1,-0.0022784563735710616
1347,0,-0.0020219845440697316
1348,0,-0.002064313693661826
1349,0,-0.0021242635150953556
1350,0,-0.0022992779159432286
1351,1,-0.0027437939828964535
1352,1,-0.0027806614554300294
1353,1,-0.0025055288008971597
1354,0,-0.0024242299231034196
1355,0,-0.002524063138352967
1356,1,-0.002758944674008136
1357,0,-0.0026747362736522524
1358,1,-0.002620684257641721
1359,1,-0.0027328010109346854
1360,1,-0.0027655108788499643
1361,1,-0.002619503016490019
1362,1,-0.0028318321743116925
1363,0,-0.0029256792089854184
1364,0,-0.002983316217502282
1365,0,-0.003020804838336194
1366,0,-0.003136788755927769
1367,1,-0.003165335897142268
1368,0,-0.003278375655423351
1369,0,-0.0038399559152334423
1370,0,-0.004112800272523705
1371,0,-0.003905564422767307
1372,0,-0.0036854374479865656
1373,0,-0.0033321442393838495
1374,0,-0.003889093810369178
1375,1,-0.004452455394221267
1376,0,-0.004229927478843414
1377,0,-0.0039603767099015376
1378,0,-0.003886768456239021
1379,1,-0.004160666415094874
1380,1,-0.0042425458548265346
1381,1,-0.00381238028342748
1382,1,-0.003557418887713453
1383,1,-0.0034275587541404097
1384,1,-0.00318316914934495
1385,1,-0.0027013855743605155
1386,1,-0.0025028831526766205
1387,0,-0.002430075526901062
1388,0,-0.0028306870328801527
1389,1,-0.002950299621500467
1390,1,-0.0027904722295785485
1391,0,-0.002592984321469738
1392,1,-0.002885448327534936
1393,0,-0.001548174218118896
1394,1,-0.001450480823651182
1395,0,-0.0012556409223351075
1396,1,-0.0012471516710414216
1397,1,-0.0011923325103556624
1398,1,-0.0006336869863122147
1399,1,-0.0001343615686475499
1400,0,-0.00014772933573916136
1401,0,-0.00022805069839591254
1402,0,-5.5135646747697315e-05
1403,1,5.750473085966672e-05
1404,0,0.00011904372093156605
1405,0,2.076240418469717e-05
1406,0,9.044479046487967e-05
1407,0,-4.599710677379579e-05
1408,0,-0.00024926561830716185
1409,1,-0.0008690700800597372
1410,0,-0.0005666786880010922
1411,1,-0.0007198424334166294
1412,1,-0.0009165089406417133
1413,0,-0.0008612356052493067
1414,0,-0.001161450086535475
1415,0,-0.0016256663537651298
1416,0,-0.0018774180965298562
1417,0,-0.0023324721046325114
1418,0,-0.0029483925227832258
1419,1,-0.0030732869758096763
1420,1,-0.0028198208921165245
1421,1,-0.0025777030148869213
1422,0,-0.002545527014822246
1423,1,-0.002208901840152145
1424,1,-0.0017233350871518663
1425,1,-0.0017451220603758684
1426,0,-0.0017358573182896804
1427,0,-0.0018315459286702815
1428,0,-0.0020285728305576346
1429,1,-0.0020946207921169052
1430,1,-0.0016921869967029318
1431,0,-0.0008338225303982391
1432,0,-0.000662945277393851
1433,1,-0.000594397977281572
1434,1,-0.0002918879617520306
1435,1,-0.000275564294825801
1436,1,-4.2154044054533814e-05
1437,1,2.224571906819392e-05
1438,1,-0.00015692639781709266
1439,0,-4.0080857259807096e-05
1440,0,-0.0003380551460154257
1441,0,-0.0008049945736290127
1442,1,-0.0006026537829339972
1443,1,-0.0002810650761679533
1444,0,-3.500243557576235e-05
1445,0,-0.00023605850363787935
1446,0,-0.0004861716090192176
1447,0,-0.0010209450901928385
1448,0,-0.0014112940736977172
1449,1,-0.001472936745795521
1450,1,-0.0010672755563455555
1451,1,-0.00039461302744748096
1452,1,-0.000323180681151006
1453,1,-0.00020873127285020492
1454,1,0.00010160062428353722
1455,1,0.0005463959971304499
1456,1,0.000996795799363992
1457,0,0.001722078056279201
1458,1,0.0014512119493200427
1459,1,0.0015521417347008808
1460,0,0.0014990010106079022
1461,1,0.0012336647911649948
1462,1,0.001369892082582949
1463,0,0.0014867819556402513
1464,0,0.0015113767098508578
1465,1,0.0014148304909472748
1466,1,0.0016989392079142134
1467,0,0.001799105908554108
1468,0,0.001763647468369805
1469,1,0.0016890459660270285
1470,1,0.0019522188235806094
1471,1,0.0021995020525837324
1472,1,0.002457625105144016
1473,1,0.0027995933632971393
1474,0,0.003474224373732676
1475,0,0.003769033907340058
1476,1,0.0034520659191901535
1477,1,0.0034956553044057414
1478,1,0.003918855183111046
1479,0,0.004210263388730081
1480,0,0.004146021110119698
1481,0,0.0035467926790825523
1482,0,0.003018333018271974
1483,0,0.002470543566382904
1484,0,0.001959343561376831
1485,0,0.0012813723316569886
1486,1,0.0008750586089948066
1487,1,0.0010366449436822274
1488,1,0.0012649374943419442
1489,1,0.001567173432580637
1490,1,0.0017213577816361989
1491,1,0.0018692649802356876
1492,0,0.0021591383561124613
1493,1,0.001012571151728981
1494,0,0.0010617875211885149
1495,1,0.0008011957852575416
1496,1,0.0009172304052181132
1497,1,0.0009568886584796759
1498,0,0.0006099713048973057
1499,0,0.0002155402827808249
1500,1,2.9079481658347905e-05
1501,0,0.0002595011749792909
1502,1,0.0003208209263565495
1503,0,0.0003831229325592525
1504,0,0.00030644921705080624
1505,1,0.0005808598393607728
1506,1,0.0007430452652439514
1507,1,0.0011524146590315713
1508,0,0.0015336112719002315
1509,1,0.002154988146613996
1510,1,0.0020382515504059114
1511,1,0.0026163648516546244
1512,0,0.002837540398476182
1513,0,0.0025671486768126086
1514,0,0.0025997040065134213
1515,0,0.002303830953578647
1516,0,0.002291567052982969
1517,1,0.002882438418564248
1518,0,0.0036025726607069554
1519,1,0.0035274241615682006
1520,1,0.0032702802131023513
1521,1,0.0028915689403053698
1522,0,0.0030840125655415595
1523,0,0.002292575693722763
1524,0,0.00184071140718219
1525,0,0.0016397037563284484
1526,0,0.001301168620596175
1527,1,0.0013626872271148879
1528,1,0.0017965282219451234
1529,1,0.0019611022374936547
1530,0,0.001542539940998876
1531,1,0.0014204014039639501
1532,1,0.00159115909182579
1533,1,0.0018109654739761332
1534,1,0.0018998823860348819
1535,1,0.002096539457585965
1536,1,0.0019537650087252047
1537,0,0.0017918139391603855
1538,1,0.001657444498891414
1539,0,0.0016126669767719177
1540,0,0.0017860624908761658
1541,0,0.0021816283539117963
1542,1,0.002091037309553306
1543,1,0.0018245328297389815
1544,1,0.0017445490149122973
1545,0,0.001985824141944878
1546,1,0.0021488156650224318
1547,1,0.002588284714988533
1548,1,0.0030952327459431704
1549,1,0.0034455357328760554
1550,1,0.003281538270234285
1551,0,0.0029729677889110506
1552,0,0.0028065196314064644
1553,0,0.002288333393327645
1554,0,0.0016959790293474928
1555,0,0.0013936298767729981
1556,0,0.0011642073370439873
1557,0,0.0002463421124591619
1558,1,0.00048463676158852606
1559,1,0.0006646284853077851
1560,1,0.0007748325544661723
1561,1,0.0009368227729259395
1562,1,0.0009259203850949249
1563,1,0.0010194257128121893
1564,1,0.0012464575864916273
1565,1,0.0015044478510437631
1566,1,0.0015303125069299664
1567,1,0.0015657476412550423
1568,1,0.0016396715099012522
1569,1,0.0019472811530169157
1570,0,0.0020009403229869194
1571,0,0.0017299270616067794
1572,0,0.0013872118091500481
1573,1,0.0010632345964790768
1574,0,0.0007713390520835052
1575,0,0.0007441104677219951
1576,0,0.0008001184665727891
1577,0,0.0007380989290326709
1578,1,0.0005176311257174175
1579,1,0.00041512792333183254
1580,0,0.0007058034221957069
1581,0,0.0006124109704086123
1582,0,0.00022045142795757298
1583,0,0.00035475302662423604
1584,0,0.00046859189588151397
1585,0,0.0004951883164445583
1586,0,0.0005508042610510092
1587,1,3.380982463978709e-05
1588,1,0.00011327559396856787
1589,1,0.00010921433727297458
1590,1,3.444797531475868e-05
1591,0,-0.000238160368722156
1592,0,-0.0005430757264946337
1593,1,-0.0006211407583238156
1594,1,-0.000570308064408051
1595,0,-0.00031616706462097454
1596,1,-0.0006262616707842972
1597,1,-0.0007188432588366125
1598,1,-0.0004803865711051633
1599,1,-0.0002506558148380151
1600,0,-0.00010044885807429315
1601,0,-0.000281798066013101
1602,1,-0.0003462127243521858
1603,1,-0.00021181620725861273
1604,1,0.00021232758230368514
1605,0,0.0002998486871300078
1606,0,-0.000310255069971312
1607,1,-0.0006166165371099794
1608,0,-0.0007330308293437073
1609,1,-0.0007925757685539864
1610,0,-0.0008278884029214293
1611,0,-0.0014816054188960112
1612,0,-0.0018270103285290746
1613,0,-0.0018633746765520155
1614,0,-0.0018045076986013533
1615,1,-0.001549010542512681
1616,1,-0.0010689222485914297
1617,1,-0.0010054876794870172
1618,1,-0.0010146331836962724
1619,0,-0.0008857242864150152
1620,0,-0.0010441243751045167
1621,0,-0.001186351744930888
1622,0,-0.001719937167348488
1623,0,-0.0010140135052083704
1624,1,-0.000976753056230905
1625,1,-0.0008331806627803191
1626,1,-0.0003586936146208257
1627,1,0.0001405641661161322
1628,0,6.911447028842992e-05
1629,0,-0.00030320934465261876
1630,0,-0.0004831905749324678
1631,0,-0.0005745721952753811
1632,1,-0.0006244856179977602
1633,0,-0.0007037766755020305
1634,1,-0.0010751328229807711
1635,1,-0.0010222369108217283
1636,1,-0.0009707524138453956
1637,1,-0.0009140024845513958
1638,0,-0.0005399078460946061
1639,0,-0.0006584045277067665
1640,0,-0.0007545613572360646
1641,0,-0.0007122228693415103
1642,0,-0.0009295314711448566
1643,1,-0.0010605804173583013
1644,1,-0.0010439202381783746
1645,1,-0.0010625451060088402
1646,1,-0.0009606443141503973
1647,1,-0.0009679585753053013
1648,1,-0.0007214386215724819
1649,1,-0.0004944479383683308
1650,1,-0.0005187886512418267
1651,0,-0.0004620354620860406
1652,1,-0.0005600123883648596
1653,1,-0.00035227983587467334
1654,1,0.00022184433356881383
1655,0,0.0004594946986107767
1656,1,0.0004426117116599121
1657,0,0.0006736955176106294
1658,1,0.000585523873340176
1659,1,0.0005421321440635021
1660,1,0.00046733744453957915
1661,1,0.0003822825881371093
1662,1,0.00025238931026082723
1663,0,9.351667340178799e-05
1664,1,-0.0001119588983535364
1665,1,8.030845879142098e-05
1666,1,0.0002279602463259604
1667,1,0.0002895881793337392
1668,1,0.00028570694495467976
1669,1,0.00039869266117107657
1670,0,0.00028479275143351217
1671,1,0.00025152260921097773
1672,1,0.0004988980861180613
1673,1,0.0007143946047366734
1674,0,0.0007503065872473029
1675,1,0.0008147895772526591
1676,1,0.0011254212955328718
1677,1,0.0014936650379335375
1678,1,0.0015831291661718865
1679,0,0.0015572092827551853
1680,0,0.0012451466484772165
1681,1,0.0014656242180392943
1682,1,0.0023914701926719562
1683,1,0.0029014635071238294
1684,0,0.0029306528857029994
1685,0,0.0028271302840578473
1686,1,0.002884504373074668
1687,1,0.003235736971982505
1688,1,0.0033338096113210616
1689,1,0.003147455502504948
1690,1,0.003101196869853456
1691,1,0.0033131025358096437
1692,1,0.003626324469427862
1693,1,0.0038971031639353708
1694,1,0.00407425475762664
1695,1,0.004158920867532088
1696,1,0.004371958796977941
1697,0,0.004433648309708585
1698,1,0.0040632769354935925
1699,0,0.004104760216775213
1700,0,0.003964711135755753
1701,1,0.004055606173233197
1702,1,0.004322828583688397
1703,0,0.0042150671534049835
1704,0,0.0036586506694321237
1705,0,0.003354086572663387
1706,1,0.003682368924482647
1707,0,0.003987980572226418
1708,0,0.003875050966016408
1709,1,0.0037956256740826954
1710,1,0.00379958013318404
1711,0,0.004296195305349043
1712,0,0.003748917012148011
1713,0,0.002899945222930622
1714,0,0.002642503711530606
1715,1,0.002933857159794235
1716,0,0.002893840134468275
1717,0,0.0027591919312603035
1718,1,0.0025985597294714445
1719,1,0.002624521951164709
1720,1,0.0028596465738184923
1721,0,0.0031111220094569526
1722,0,0.003268171256197504
1723,0,0.0033797878979845253
1724,0,0.0031595834312341214
1725,0,0.002765723935062368
1726,1,0.0024711446102514763
1727,0,0.0023066697503040163
1728,0,0.0021676577099915043
1729,0,0.0022616062083736076
1730,0,0.0022027123608160887
1731,1,0.002287764961166417
1732,1,0.00267853590194968
1733,0,0.0027796469737443514
1734,0,0.002784813022870923
1735,0,0.002518901753159568
1736,1,0.002291475661427456
1737,1,0.0022522685739189523
1738,1,0.002333980128705235
1739,1,0.002738572130612084
1740,1,0.003001131967394684
1741,0,0.003113743486903084
1742,0,0.003276075413172759
1743,0,0.0032734700612443855
1744,0,0.0030928094905703554
1745,0,0.0029951612704510622
1746,1,0.0028509309403334736
1747,1,0.002978135369128617
1748,1,0.0028091233683888235
1749,0,0.002437518002324626
1750,1,0.0021315049121355054
1751,1,0.002322588894173527
1752,1,0.0026575208719019
1753,1,0.002623494472081967
1754,0,0.002321675925937122
1755,0,0.001999198996384334
1756,0,0.0019848895489657224
1757,0,0.0018354309891146338
1758,0,0.0019444993116592842
1759,1,0.0015909330411298574
1760,1,0.0016277801632560232
1761,1,0.0019453373583859148
1762,1,0.0019976436340473627
1763,1,0.0021254411649545913
1764,0,0.002238741716460497
1765,1,0.0018739510779907582
1766,1,0.0015809360508017188
1767,0,0.0015809438654546882
1768,0,0.0015040289257387584
1769,0,0.0011071781331249122
1770,0,0.000922391536837934
1771,0,0.0009536285002196523
1772,0,0.0007398496959654575
1773,0,0.0004148042593596929
1774,1,0.00024473256023321404
1775,1,0.0008622214966835165
1776,1,0.0008897783249438968
1777,0,0.000711315185396704
1778,1,0.0006470698754891135
1779,1,0.0006600279365906963
1780,1,0.000797975530398647
1781,1,0.00087972668285387
1782,1,0.0009290615589738635
1783,0,0.0006448607833805975
1784,1,0.0006082235013954768
1785,1,0.0009743195600810998
1786,1,0.0012720417432687866
1787,1,0.001234691637114019
1788,1,0.001024619037130251
1789,1,0.0010487873964081804
1790,1,0.00091922521346085
1791,1,0.0007389460933708228
1792,1,0.0007599466483231135
1793,0,0.0008758241829121104
1794,0,0.0005972479171261167
1795,1,0.00022774743798004637
1796,0,0.0002434575911641867
1797,0,4.8486542530004946e-05
1798,1,-3.166268596650555e-05
1799,1,-7.280280059199988e-05
1800,1,3.4752030791082515e-05
1801,1,0.00013360086577931643
1802,1,0.0002674967079320176
1803,1,0.0006169165899964071
1804,0,0.0008135155497172428
1805,0,0.0009353785529502035
1806,1,0.0011040510084624206
1807,0,0.0009780676175128037
1808,0,0.0010373314202931309
1809,0,0.0011169571761954105
1810,0,0.0010030496086226057
1811,0,0.0006423135913774087
1812,1,0.0011694564628587163
1813,1,0.0022242037339572146
1814,0,0.0026482465479238785
1815,0,0.0025899276390259993
1816,0,0.002499070839320919
1817,1,0.0025677866242796756
1818,0,0.002639431749235024
1819,0,0.002449953878040071
1820,0,0.0021814180704489766
1821,1,0.002022836056694811
1822,1,0.002420019634196718
1823,0,0.0024812053263596344
1824,0,0.002522860765347789
1825,0,0.002595827772882579
1826,0,0.002560255684409742
1827,1,0.0023743147401399916
1828,1,0.00263441779074407
1829,0,0.002887473301030383
1830,0,0.003054618096209707
1831,1,0.0029710648070074112
1832,0,0.0027214463404692645
1833,0,0.0024525734023836095
1834,1,0.0022420117339358686
1835,1,0.002441943270228443
1836,1,0.0029760986691382213
1837,1,0.0030030309634962787
1838,1,0.0028025206535494795
1839,0,0.0024572149823877056
1840,1,0.0021216213495681064
1841,1,0.0022066938398650746
1842,1,0.002631712249137395
1843,1,0.0027527699653059935
1844,1,0.0028446689521559464
1845,1,0.003206109378345205
1846,1,0.0036379647757180046
1847,1,0.0035761048781332923
1848,1,0.003589291702847923
1849,1,0.0037085969837266884
1850,1,0.004011506800194115
1851,1,0.0037276393615788745
1852,1,0.0036001733399118867
1853,1,0.003988497911407544
1854,0,0.004059250649572446
1855,0,0.004057812603467808
1856,1,0.004104250690716846
1857,0,0.004204964263027141
1858,0,0.004025219325066109
1859,0,0.003906870938359571
1860,1,0.0037840861658080117
1861,0,0.00352055745648623
1862,0,0.0032895304724066504
1863,1,0.0030534766098838416
1864,0,0.0029941652804839447
1865,0,0.0030177105407177647
1866,0,0.0029313044149674133
1867,1,0.002711588666266496
1868,1,0.0027746058965015612
1869,1,0.0032056482868198077
1870,0,0.003596867796037072
1871,0,0.0036283164466589853
1872,0,0.003645926687411739
1873,1,0.0037342145212142406
1874,1,0.003909585797933661
1875,1,0.003456654351790033
1876,1,0.0034576098979994586
1877,0,0.0034253012478507555
1878,0,0.0032411901545184325
1879,0,0.003069734527206996
1880,0,0.0027662965571819327
1881,0,0.0026752741139960488
1882,1,0.0022994128103996244
1883,1,0.0023270954729006886
1884,1,0.0023703347508215898
1885,0,0.0023998947471109934
1886,0,0.0021571393724137125
1887,1,0.001910945522315001
1888,1,0.002036157782168162
1889,1,0.0021761310961388243
1890,0,0.002228954278268877
1891,1,0.002075560048630846
1892,1,0.0020924606672270874
1893,1,0.001954727768870962
1894,0,0.002049941505180326
1895,0,0.002120467673884751
1896,0,0.0020065193285708403
1897,0,0.0020008210619109896
1898,1,0.0019089786416904761
1899,1,0.002120687946526781
1900,0,0.0020601812756860897
1901,0,0.001910800966931382
1902,0,0.0013981804071144931
1903,0,0.0008893630142489292
1904,1,0.0008065555503863917
1905,1,0.000974998238662983
1906,1,0.0010313704537223273
1907,1,0.001153283625963191
1908,1,0.0013315469548721944
1909,0,0.0014137368544950694
1910,0,0.0013929422679379716
1911,0,0.0013911010777900303
1912,0,0.001495377007885837
1913,0,0.0013600250413861922
1914,0,0.0012606565329690903
1915,0,0.0012651278672817208
1916,0,0.0010852429292272626
1917,0,0.0009351107281216771
1918,1,0.0008477273832214742
1919,1,0.001031894002763819
1920,1,0.0012766146007300472
1921,1,0.0013226803291820951
1922,0,0.0011308499569225184
1923,0,0.0010816196734853506
1924,0,0.0011776394576767837
1925,0,0.0012131718633175738
1926,1,0.0012270022222950856
1927,0,0.0013019758835899728
1928,1,0.0010869617484631305
1929,1,0.0010454499620651861
1930,1,0.001283285918104519
1931,1,0.0016335903440203078
1932,1,0.0016088120868236145
1933,1,0.0017237450945670238
1934,1,0.0020444637163706796
1935,1,0.001928905800654882
1936,0,0.0015773110663203688
1937,0,0.0013933784399005173
1938,0,0.0011624811060983555
1939,1,0.0010377811913428407
1940,1,0.0013986267320657932
1941,0,0.001392319552286887
1942,0,0.0010951599396695798
1943,0,0.0009452670236751739
1944,0,0.000764192788459284
1945,0,0.0003472827631241094
1946,0,-4.123640758344312e-05
1947,1,-0.00016883397792466102
1948,1,-0.0002794347279717379
1949,1,-0.00024200895723629874
1950,0,-0.0002617720181465581
1951,0,-0.0003624810437576084
1952,0,-0.0006320923785906074
1953,0,-0.0011754390810053883
1954,0,-0.0014278517166224842
1955,1,-0.0014301010681824408
1956,1,-0.0012743199593249943
1957,1,-0.0012018086875040513
1958,1,-0.0008806737869769886
1959,1,-0.0004844507178600978
1960,1,-0.00018837933139523807
1961,1,-0.00022416094682471194
1962,1,0.0012738396598430252
1963,0,0.001603733238127276
1964,1,0.001544556306530804
1965,1,0.0018129030856228751
1966,0,0.0021095775756063495
1967,0,0.002042021801606046
1968,1,0.0018832715411283367
1969,1,0.001912046032071242
1970,0,0.0017957332396023923
1971,0,0.0017559146304664344
1972,0,0.0018730819856316472
1973,0,0.0019135356227133577
1974,1,0.0017467891622133707
1975,0,0.0017003646509082667
1976,0,0.0012849624108397669
1977,1,0.001085135763070698
1978,1,0.0012880012628320836
1979,1,0.0014565052591140994
1980,1,0.0019110885192954044
1981,0,0.0022592040000327506
1982,0,0.002296949099847122
1983,0,0.002226940331883926
1984,0,0.0021075456988618856
1985,1,0.0018681230627908532
1986,1,0.0019547413393150802
1987,1,0.0020448252631807755
1988,1,0.0020114460001086636
1989,1,0.0020467319742033317
1990,0,0.002118375686954795
1991,0,0.0021502845014827105
1992,0,0.001892284367232181
1993,1,0.0016864895641054971
1994,1,0.0017042749362800242
1995,1,0.0018118950863366193
1996,1,0.0020243808348297415
1997,1,0.002214389228139513
1998,1,0.002594008076186943
1999,0,0.0023374648719432763
2000,0,0.002157121936094464
2001,0,0.002068932312201423
2002,1,0.0022639064846524397
2003,1,0.0024234084306557543
2004,1,0.0025757149571134785
2005,1,0.00264023106966536
2006,1,0.0027914575608538154
2007,1,0.002902695215864335
2008,1,0.0028096905527289053
2009,1,0.0028148402314180886
2010,0,0.0029518373143638727
2011,1,0.003012901975346506
2012,1,0.00304285469427366
