,ROI,ROI_past_ma10
0,,
1,0.05376649170095051,
2,0.016563892514740997,
3,0.044082071498969644,
4,0.02195399282777928,
5,0.0071538725154215894,
6,0.015530889691963576,
7,-0.016195361851867526,
8,-0.01577393504850266,
9,0.006024355609105408,
10,-0.03917846047635478,
11,-0.024255148077009007,0.009392780898220604
12,-0.11460962756299542,0.00633387826410882
13,-0.02554993851619067,-0.0037447472214831995
14,0.08754720682721087,-0.00542206962876839
15,-0.0069193053200751085,0.0012185929752301292
16,-0.03767820773930762,0.0006760664222097801
17,-0.01377335333424247,-0.0017210757128850575
18,-0.01883152673158182,-0.002430033220023729
19,0.008006330586975743,-0.0033412273039991783
20,-0.06686774941995358,-0.002743987415000498
21,0.018026809100713834,-0.005950175515248152
22,-0.055118499826827046,-0.004808414343059486
23,-0.021674026699152235,-0.007095236410503466
24,-0.0451646357272492,-0.0077290968578360205
25,-0.036360790860243096,-0.009288910977394904
26,-0.026352890142066942,-0.01037178617270883
27,-0.02314441035577794,-0.010986444017684144
28,-0.044932656215500036,-0.011436739067243172
29,-0.009568274828520356,-0.01263302182253806
30,-0.008562832677620862,-0.012527340891709864
31,0.0737661729406943,-0.012395190617906896
32,0.06675914687012319,-0.00961579179343589
33,-0.0088055750634759,-0.007229074960199669
34,-0.002562704471101411,-0.00727684769060198
35,0.029712668698302178,-0.007138196419440197
36,0.032242199027269124,-0.0060853145589332735
37,0.03463249311586524,-0.005020661403760984
38,-0.04894408635958708,-0.003948954524852167
39,-0.0722560975609756,-0.005133036941555718
40,0.021413856662691036,-0.006854141060002381
41,0.03817463799912247,-0.006147441116935046
42,-0.04216491629406267,-0.005066414797031204
43,-0.04322056123787049,-0.005949712451722429
44,-0.030488806174393746,-0.0068164763769816865
45,-0.030879530315005076,-0.007354483872377415
46,-0.05031764772024522,-0.007877262682213585
47,-0.01872964169381107,-0.008799879748257751
48,0.030004688232536363,-0.009011151279014204
49,0.021808699774801342,-0.008198321289190234
50,-0.03423331054909997,-0.007585933104210815
51,-0.02533241632278764,-0.008118880653108597
52,0.027717166951701466,-0.008456400960357206
53,-0.007061982024045803,-0.007760755423586848
54,-0.027971229592419256,-0.007747571019821922
55,0.0063514467184192696,-0.008122083215610762
56,0.06845637583892629,-0.007858928125901126
57,0.002926987912623947,-0.006496154840814921
58,0.027540412561911514,-0.006330836546894941
59,0.06262094173296069,-0.0057468494932948295
60,0.022349600336558688,-0.004588073370815923
61,0.002053493505826817,-0.004139112142359679
62,0.002467105263157842,-0.0040375940169795725
63,0.03800779647107097,-0.003932679512461227
64,0.04642820539100135,-0.0032669576714527792
65,0.007292839312809011,-0.0024904707486019338
66,-0.0008355861391004547,-0.0023399582861186883
67,0.009641005765224597,-0.002317164768739624
68,0.006331599096888151,-0.002138684611516278
69,-0.01794453507340937,-0.0020141216158044476
70,-0.016707376648754213,-0.002244997173161041
71,-0.004449442597300981,-0.002451602594240943
72,0.0019313623532906767,-0.0024797411858333385
73,0.006318264191605136,-0.0024184758589010603
74,0.005908276429851319,-0.002298794488346181
75,0.06348743376598125,-0.0021878881245867552
76,-0.018694084657497615,-0.0013122171660458486
77,-0.02787377228082937,-0.0015409259488281086
78,-0.03104122165159302,-0.0018829109661268263
79,-0.017983931240657804,-0.0022567354620943417
80,-0.011763594274105829,-0.0024558138896710944
81,-0.04710767468499429,-0.0025721611444765287
82,-0.05653170359052714,-0.003121982299297735
83,-0.017236225963933486,-0.0037733203638249235
84,-0.004032867873166363,-0.0039355240457539424
85,-0.0018208487178190968,-0.003936682900842185
86,-0.007085427135678375,-0.00391179073398309
87,0.03463969658659921,-0.003948693482840012
88,0.0184306200767522,-0.003505148769398182
89,-0.052211783127813736,-0.0032558786688737453
90,-0.07260660690406616,-0.0038059450111090267
91,-0.019118566367993414,-0.004570396809919661
92,-0.012277438214190818,-0.004730266805063329
93,-0.003932405144011102,-0.0048123012769016715
94,0.0010243139791902406,-0.004802840028160913
95,-0.02310370292224931,-0.004740849028082708
96,-0.006262377562490049,-0.004934142226968673
97,0.02102004236597673,-0.004947978011713687
98,0.018847776175983776,-0.004680266461428219
99,0.014984644710367383,-0.004440184393699525
100,0.006008538449375506,-0.0042439739987089505
101,-0.032784330025458525,-0.0041414488742281055
102,-0.017060159509850622,-0.005006957091492196
103,0.023571543107595256,-0.005343197611738112
104,0.015778776208814658,-0.005548302895651856
105,-0.02856106157992946,-0.0056100550618415025
106,0.036700658593584005,-0.005967204402795013
107,0.026368845500848892,-0.005755506713778808
108,0.00015242353419368527,-0.005329864640251644
109,-0.0030401401556139716,-0.005170601054424681
110,-0.027153701156452107,-0.005261246012071875
111,-0.004630582424367182,-0.005140998418872849
112,0.009179605539236257,-0.00494475276234643
113,0.0030239352160318536,-0.003706860431324113
114,0.010594315245478094,-0.0034211216940018873
115,-0.00246482489473153,-0.004190650609819216
116,-0.009405991207443018,-0.00414610580556578
117,0.036352402039029924,-0.0038633836402471333
118,0.022684310018903583,-0.00336212608651441
119,0.008159609930842263,-0.0029469677190095554
120,0.0036213910110129465,-0.0029454349255708906
121,-0.010904804008252278,-0.0022405435212612254
122,0.0009849305623952952,-0.0025298596523508866
123,0.034122941496464096,-0.0019688253484586634
124,0.027766895200783626,-0.0014108556665024996
125,0.018268352483053755,-0.0006815403572221714
126,0.003377253484279161,-0.000135248923789203
127,0.0039816087595392876,0.00016205251247425806
128,-0.006890042472864596,0.00043331270362743034
129,-0.01842993809791787,0.0008137388410537848
130,0.0026423819185580253,0.0007251222083598096
131,-0.0030077341735892074,0.0008371743543215984
132,-0.03143046483006715,6.943528317876332e-05
133,-0.025384875247333714,-0.00091246083382314
134,-0.00594049763840872,-0.0010782538356617181
135,-0.003900849298834784,-0.0011120317673347913
136,-0.02623366491125426,-0.001448166947306161
137,-0.019979767324228574,-0.0020329255866913948
138,-0.03504003162992984,-0.002579048191092333
139,0.01236675980544352,-0.0024400076437957603
140,-0.008850007629316967,-0.001593779070131569
141,0.0012454592631033167,-0.001896417713051649
142,-0.014926141335117637,-0.0022657095004118407
143,0.001908396946564909,-0.00199332175082239
144,0.012029917882734512,-0.0015420321689780365
145,-0.03218497347958185,-0.0011168449284067537
146,-0.04643320363164715,-0.0011298993600525214
147,-0.0005851375073142914,-0.0010910549191665408
148,0.02430612580062422,-0.000909609877301573
149,-0.004263831131231259,-0.0009665955016206945
150,0.0255458750134452,-0.0012273208106810204
151,-0.015344467640918569,-0.0006295289550555688
152,-0.024937526030820598,-0.0005296494682368781
153,-0.014428472185111894,-0.0010561963980620988
154,-0.01328779550669716,-0.0011298612996727597
155,0.025492094223943256,-0.0009830269588155386
156,0.03637043366801966,-0.0007916204837602989
157,0.006043870160996179,-0.0011124799054693653
158,-0.007859765241222307,-0.0010813110829856428
159,-0.023325575381432588,-0.001435312861016981
160,0.0004755865567533471,-0.002294778032160914
161,-0.011424944462075513,-0.0025135181699589676
162,-0.010369821702555312,-0.0026483025496379905
163,-0.0031481777920068484,-0.0027766718192951223
164,0.021099983934022373,-0.0031882315619259005
165,0.00888345124740671,-0.0034415137764956904
166,-5.247140308541991e-05,-0.003425607657149713
167,-0.0017914537119974889,-0.003417776509789563
168,-0.0075940085890855175,-0.0035321011045617834
169,0.008810110650794518,-0.0036713571814215203
170,0.0007363770250367471,-0.0034038107241794813
171,-0.009464547165864893,-0.0032293731874415716
172,-0.004055192753317789,-0.0032795242331272105
173,0.019570405727923613,-0.0033393897841932957
174,0.036076484259454956,-0.003206868368830111
175,0.05604857543204116,-0.0029051862905340744
176,0.022349193507609784,-0.002979574873873475
177,0.01378799110452183,-0.002569142092222401
178,0.01770128469157602,-0.002152524458368889
179,-0.015058479532163622,-0.001665099394937199
180,-0.04443589496970284,-0.0016358448778522568
181,-0.0005889570552147463,-0.001962567884808227
182,0.008684801597204937,-0.0014973807085104315
183,-0.0024668212541319257,-0.0008452156566331109
184,0.0032021281836542553,-0.0006975216095350952
185,-0.0063562453806355855,-0.0006251716489668892
186,-0.006687976395377356,-0.0006705256155950539
187,-0.005389636075949384,-0.0006665511081920438
188,-0.009074768198855807,-0.0010668444348175298
189,0.005319413373104614,-0.00134189831757361
190,0.035897435897435936,-0.0007665863525644263
191,0.01687305737826245,0.00031845407545059464
192,0.013971863557525561,0.0006783703129131533
193,0.04573348918760966,0.0009408633306303171
194,0.004374206293212823,0.0014375222739465246
195,-0.011759259259259223,0.0014710211970867507
196,0.005688228657390034,0.0015844656337166514
197,-0.0029371998694577624,0.001703971695915452
198,-0.01401279835583166,0.0014643992735611073
199,-0.01649070354106326,0.001135793528242953
200,-0.0023768777334093934,0.0008210400457286465
201,0.007226866940626334,0.0007371858839007973
202,0.09380497313745062,0.001137297853561646
203,0.047492599686574946,0.0022459491800346583
204,0.023857889959804562,0.002485159745824455
205,0.02164611125094386,0.002565950883334354
206,0.015942756716043192,0.0030680226116430874
207,-0.02556538839724684,0.0028604435928676797
208,-0.015153391964986116,0.0023411012538867224
209,0.0032821375973069687,0.002188043098894924
210,-0.02210891461528825,0.0022512658764241335
211,-0.018487605375177393,0.002301713741835772
212,0.009188819557227139,0.00216314351232767
213,0.009985191453353135,0.0021632356525075787
214,-0.002530364372469612,0.0022328482148807915
215,-0.00410522788203749,0.0021016014187013148
216,0.0048426150121066,0.0020851973888282548
217,-0.00620571093127602,0.002227683451023751
218,0.015308058870661643,0.0018021023213206915
219,0.0302915562287012,0.0017283398098382724
220,0.02335924186375163,0.0019496592728168618
221,0.005021056041464127,0.0021470377813442485
222,0.00762865792129157,0.002306296381841413
223,0.0036456434560700195,0.002372733655430375
224,0.022569653237121765,0.0020679606750264347
225,0.023096732657331323,0.002015988255389816
226,-0.011496050676468278,0.002064272057132592
227,-0.03912871287128711,0.0019155390155251174
228,-0.023710847214473533,0.0014844357992168534
229,0.007308666583613599,0.001316227751800764
230,-0.01908072927194081,0.0015736137986160786
231,-0.00701493769084764,0.0013563826867110903
232,-0.0023023475722567213,0.0013163106515385059
233,0.00827335153470671,0.0016075918241166105
234,0.0027055833401656007,0.0019441740919370145
235,-0.0088626292466765,0.0020306349017227576
236,-0.012471470492337797,0.001981017102244341
237,0.00414576510094938,0.0021186390464335053
238,-0.00646889163576429,0.002359894370685285
239,-0.010075566750629714,0.0026456057706269404
240,-0.0053176140813718294,0.0024211825050662076
241,8.320505886750347e-05,0.002456506440545659
242,-0.041107799304520645,0.002444883898503301
243,-0.028738250031057178,0.002183067318809271
244,0.0025531178328789795,0.0018766008490330502
245,-0.029332993240657985,0.0017818328485344947
246,-0.018508953168044004,0.0018103526509237334
247,4.367193641374499e-05,0.002089595155559765
248,0.02520898069937411,0.0020958832499970454
249,0.005559657733570782,0.0021049117989845444
250,-0.014200778476410426,0.0022031466876325646
251,0.011890349360083017,0.0018056801527340082
252,0.03704497706127006,0.002078028322744024
253,0.0388105482895242,0.0026978533536649307
254,0.002236117437575022,0.003230243558411292
255,-0.00450653447498871,0.0033854826878540133
256,0.008231468905626208,0.003085496400864694
257,0.031551596139569434,0.0028041067532407595
258,0.015672091621458734,0.0030591840130264917
259,0.004537313432835767,0.003294502581653302
260,-0.020233830649923297,0.0035731314697959858
261,-0.030918833101805883,0.00336603729772922
262,-0.009656175508060225,0.003171098411331916
263,-0.014617368873602724,0.003178234873276867
264,-0.02734279918864101,0.0030635429624609077
265,0.03798204787234049,0.002579115131234274
266,0.0075476367235832054,0.002870101097483612
267,-0.01028913260219347,0.002946102178750298
268,0.003133775589109038,0.002861125389848338
269,-0.0073821464393179674,0.002968403231630284
270,0.015166835187057633,0.0028064806607291585
271,-0.02965914121292609,0.002950785242349368
272,-0.04841066140177686,0.0027488393018787554
273,-0.03204305526806048,0.0023052846153941648
274,-0.012594669233022382,0.001789150005434324
275,0.0040976609185590235,0.001302438470509551
276,-0.005903436643474618,0.0007829293253747294
277,-0.01314778451293428,0.0005004030238638853
278,-0.028340252478183503,0.00023104526768932427
279,-0.0034262913648783104,-0.00022937010400827097
280,0.014751316304773448,-0.00011304822233541785
281,0.003214177127220645,0.000478823890409345
282,0.008446597779016417,0.0005168552322336989
283,0.020118292103786198,0.0005144731940518138
284,0.015780270397065674,0.0007403243276309949
285,0.012800340208377592,0.0008661057497651092
286,-0.016821103597963107,0.001057671605655241
287,-0.022720591323338056,0.0009563403336293835
288,-0.05087682231143035,0.0007830307811554966
289,-0.012207438633469465,0.0003650102400297513
290,-0.004835203832675347,0.0001897417199640105
291,-0.009026900162484202,-0.00021758467733710236
292,-0.009381452554089252,-0.00047658425274456877
293,0.04695286426187542,-0.0007101174138607171
294,0.018262189676728,-0.0006979236631180594
295,-0.017229467138785773,-0.0005590438292829075
296,-0.013618169161155566,-0.000613745908078173
297,-0.007110762116651378,-0.0008068098862636291
298,-0.021058672906273373,-0.0008485455087355653
299,-0.0047052556818181915,-0.0009190042542399823
300,0.0066714749368914075,-0.0008011497756475318
301,-0.015614543832255186,-0.0007106662489445237
302,0.003541806769782524,-0.0009390803566733389
303,0.004552625647960421,-0.0018417120203500198
304,0.02411258515596986,-0.002271111760736165
305,0.0376003948490151,-0.002268564808774512
306,0.013682410209183022,-0.0021090219727938
307,0.007663664703844743,-0.0021316254378624016
308,0.0066374560756583285,-0.0017993349068514857
309,-0.0036205335976897696,-0.001581426426445041
310,-0.0020763939957606516,-0.0016504531383950086
311,-0.013762848909724264,-0.0014501279321997326
312,-0.007739536492563093,-0.0014028803675452015
313,0.03242983719610658,-0.0015721639280431034
314,0.015026263670025011,-0.0013477174706155689
315,-0.0013541534425119258,-0.001172151190190623
316,-0.006570859298825652,-0.0011446404457953674
317,-0.013728720483250962,-0.0012587751889046898
318,-0.005475233125160412,-0.0013340052844244394
319,0.0028723313041242216,-0.0015418382043826597
320,0.00495198725401544,-0.0018160304536284295
321,0.012411498763115229,-0.0020001029997257914
322,0.009297961272711671,-0.0019261985725092803
323,0.004638610103736286,-0.0019095055389950794
324,0.0008055284690719368,-0.0018995758725184166
325,0.016800707398206157,-0.0021172171201989153
326,-0.023339171520508288,-0.0021801773727901665
327,-0.005368513046735162,-0.002298608581230567
328,-0.001294147115304343,-0.0019610065829850473
329,0.00245587745587747,-0.0017368395819933554
330,0.0018805633331941036,-0.0017853674732707166
331,-0.018103878808057243,-0.0015757545472193676
332,-0.021183436887536017,-0.0016866439583914637
333,-0.01358270215376807,-0.0018754548515442565
334,0.00976296043656204,-0.002094015388429004
335,0.010542555926973549,-0.00202344161746504
336,-0.006077348066298371,-0.0018293897657285394
337,-0.011298717785959188,-0.001765448541468145
338,0.006686669524217754,-0.001919893370337231
339,-0.010029574386010045,-0.0017883377587374104
340,-0.0006417112299465483,-0.0017878778350912136
341,-0.00012978585334199065,-0.0017411188065769609
342,-0.01605356912907245,-0.0017432487156990558
343,0.023052636131655136,-0.0014927064139445738
344,0.019417895601781816,-0.0009747975523174508
345,-0.004524886877828025,-0.0008061497746284224
346,-0.003005291005291039,-0.0005580687110001228
347,0.013489361702127606,-0.0004030320893725931
348,0.00202754076201736,-0.00026857519171545456
349,-0.013505090380220236,-0.000500389591089022
350,0.017619107691013824,-0.0006910370722269323
351,0.01545253863134661,-0.0003728382105526897
352,0.02805470874186373,-0.00033721631784005375
353,0.027671244175017443,-0.0004271190010341171
354,-0.00031932303516549914,-0.0005385120421791846
355,0.012123629112661983,-0.0005640664469065898
356,0.04205457463884438,-0.0003977648110300828
357,0.016658174264100656,-5.953375369790112e-05
358,-0.0032478830762091597,-0.0002084679724525889
359,-0.008188213585514918,-0.0003976677194292678
360,-0.009405480724570392,-0.0005249229896127747
361,-0.017996657208380284,-0.0004166394903592456
362,-0.006833981383292129,-0.00028741773142498963
363,-0.008392434988179763,-0.00025919579017730866
364,0.0010279117577290699,-0.00019694645132307904
365,0.013799882052290227,8.676065814062176e-05
366,0.01606536670087638,-0.00015506100005988088
367,-0.00785197854310807,-6.988370028694911e-05
368,-0.005526783643812348,-4.5512159696095134e-05
369,0.02737047898338221,-0.00013211775202530898
370,0.021279065268696558,0.0002154085022016928
371,0.0024551463644947205,0.000276530803018082
372,-0.012076660540824253,0.0005976736787922901
373,3.805754300498899e-05,0.0009610136874018162
374,-0.004149219642177294,0.001281824815512471
375,0.008318456337600174,0.0013662793114209216
376,0.016843466027907712,0.0014084872656113332
377,0.019902182091798205,0.0016359562923251563
378,0.0071628427532177425,0.0019664559583724814
379,0.0023994093761536884,0.002321486910686494
380,0.0006255289399124845,0.002379743918096814
381,0.0012492192379761728,0.0022384860444482043
382,0.003160835048515193,0.0022188364655557594
383,0.01156661786237198,0.0021659788382507473
384,0.009262298070962198,0.002080462095836605
385,0.008532113422648098,0.0020152823725755704
386,-0.010007199424046181,0.0019726001047182754
387,-0.0095591948632856,0.0020407391464574444
388,-0.06025053247175192,0.002172353111057969
389,0.0011709144842122143,0.0020786160094547535
390,-0.009624268555589776,0.00221239954063157
391,0.000902314633189446,0.0021645088934024257
392,-0.017391304347826087,0.0022638010413591624
393,0.0062053255832219935,0.0021837025234217942
394,0.01489077479176486,0.0017762271366352598
395,-0.005726082891866731,0.0017425129877856286
396,-0.014017973730701195,0.0018575468302548187
397,0.000978435286290165,0.0018535487845593626
398,-0.02088518979464843,0.001934440758588778
399,-0.00011751801942965033,0.0019361755897050273
400,0.02589870903674273,0.0019820529663289125
401,0.031434954728961635,0.002174325307327426
402,-0.00888700804062633,0.002644820292939594
403,-0.009706130591575345,0.0025205321448355054
404,0.010417074603485399,0.002377944582440148
405,-0.021074491404837758,0.0022409894769153033
406,-0.035254920192158666,0.001654240614376775
407,-0.03430814524043183,0.0011648673103633578
408,0.016283602696337284,0.000745149210920592
409,0.0009639715628389328,0.0008416106771273816
410,0.008271035470017547,0.0008874557287326687
411,0.027670991510491738,0.000990930023390451
412,0.004388198879442202,0.001405268427592611
413,-0.0019360334546580965,0.0015265457813126637
414,0.0012862488306828192,0.0011828870748050169
415,-0.015613469530430878,0.001045486926411595
416,0.0026560424966799736,0.0009028937655324056
417,0.007042530589762838,0.000995162783487462
418,0.005615348619560122,0.0012028752942175999
419,0.02348039406565154,0.0013137811116648052
420,0.02478954106373916,0.0015198617392800783
421,0.00022904260192396656,0.0017182372773773156
422,-0.018909941873631732,0.0015964127157654029
423,-0.006520313283691492,0.001314333684301969
424,0.00011498658489854182,0.001202744450427691
425,0.010975845410627922,0.0011958390315859571
426,0.008137258665028999,0.0011375904117101748
427,0.008959548591253825,0.0014523547135655477
428,0.004009776216298829,0.0015956353299454377
429,0.0165825522710887,0.0016486745632614693
430,0.038630843958712836,0.0017899413114135817
431,0.025157465728047505,0.002157444117668769
432,0.02396171969171203,0.0025900575630298166
433,0.020973244747710656,0.0030415091288222965
434,0.014246028919438708,0.0033870685978370845
435,0.007368570213972089,0.0034318992826658508
436,-0.005114014501383713,0.0034001594255358364
437,-0.007793115498864097,0.003409792761184983
438,0.02745084220170562,0.0034448487840559334
439,0.025309356048655758,0.0036524905108308125
440,0.0010959654770874483,0.00400587981517747
441,-0.012337263990184732,0.004023256582247811
442,0.015298456495014406,0.003901181800879383
443,0.03831887017185635,0.004214702057120251
444,0.033915379449294715,0.004367364397522264
445,0.016728383031247896,0.004512339235997392
446,0.0010289719926685527,0.004724871935088152
447,0.005896449517563236,0.004765214565067747
448,-0.00617995517130966,0.004689285443222104
449,-0.03517446409012677,0.004607210483888834
450,0.024261024067194284,0.004390516746789769
451,0.014546491728465408,0.004456935910551573
452,0.014653166467517846,0.0044478754415227615
453,-0.005830102866212951,0.004313860018779303
454,0.058094791177850935,0.003978846548366998
455,0.022026831036983385,0.004562987690497163
456,-0.0062371914817785585,0.004662019709740377
457,-0.006005652378709434,0.004179102048534147
458,0.00770712909441223,0.003952463782106046
459,0.025086964212015773,0.004062013903812261
460,0.0435282668318147,0.0043947656817875675
461,0.0035928143712574594,0.004924103157351418
462,0.012025586353944615,0.005139997873147796
463,0.021315486066196068,0.005328593550520163
464,0.049229899675003415,0.005625672761063922
465,-0.006257618854124346,0.0061076926402366645
466,-0.06381085889901336,0.0059071176311725196
467,-0.0961460004895695,0.005108355375173621
468,-0.06468970818673682,0.004225415155709008
469,0.004283110571081486,0.003633785910279763
470,-0.005142184499101568,0.0034029122261567553
471,-0.064810968009971,0.0031386997284787743
472,-0.007728410513141512,0.002466038584734117
473,-0.01276434807274106,0.0025095210850109447
474,0.030084732315699157,0.002381497028853484
475,0.03776368658965335,0.0027238365484322487
476,0.05114676763601384,0.0030182888509527805
477,-0.006053738108728634,0.0033613218670338414
478,-0.00963572267920086,0.0031017626650285735
479,0.0258778942381714,0.002933777010704387
480,0.021821909783245594,0.003168561859324564
481,0.0032685410158509644,0.0033805256677578955
482,-0.041448884392738715,0.003400718885536643
483,-0.009917594332803257,0.0029546216911241043
484,0.02977996406374271,0.002739779569172352
485,0.03253439473911923,0.0029449562291001567
486,0.02445239799570514,0.0031849790422648684
487,0.00480648316333651,0.003529575016462382
488,-0.023440770196735128,0.0036732317967286027
489,-0.02861266061665696,0.00404132941947877
490,-0.027955003357958384,0.003743493668470079
491,-0.009124820659971325,0.003560186320446393
492,-0.026591107236268625,0.003459914967514785
493,-0.021287099959342467,0.00336791693863036
494,0.0047418647383082385,0.003092992683204715
495,0.022967045993361784,0.0029915035826701486
496,0.015818912777486472,0.0032784348715224343
497,0.004094019296286772,0.0035768037366043105
498,0.022826586936522533,0.0036079595767042768
499,0.0025154356277156766,0.004045077344015987
500,-0.0064144225606826465,0.0040714068804874395
501,-0.019074882376282576,0.003748275564513186
502,-0.019134513628693183,0.003243177193460744
503,-0.010871445873464393,0.0031407021375800754
504,-0.04122809575181515,0.0031290489847611846
505,-0.04477041566229648,0.0026125972812081786
506,-0.03403605255117625,0.0023756380386335913
507,0.00030596946424753767,0.0023878267150434155
508,0.02647935561616041,0.00273396786209021
509,-0.010500882817581967,0.0028359253912884413
510,0.017315882736966434,0.002721276847484232
511,-0.0207425590671985,0.0028117253201537205
512,-0.046841665893701985,0.0023275898143768183
513,-0.044790343074968306,0.0018152911666453764
514,-0.03302327078438312,0.0013867480704422743
515,-0.03944429847609035,0.001043652874291615
516,-0.023889086384642825,0.0008053445848350203
517,0.024551026225769622,0.0005398932960217924
518,0.01358695652173917,0.0007149782523818603
519,-0.06053342336259287,0.0007946943314036507
520,-0.03579801938621956,-4.544384287879337e-05
521,-0.021780978183373583,-0.0006513194473783805
522,0.027503910939716963,-0.0008714196552313561
523,-0.04285131778922787,-0.0004072811270978691
524,-0.06288737717309151,-0.0007705911721532328
525,-0.004474272930648717,-0.0014006148097331333
526,0.025106139777922948,-0.0015551159931458996
527,-0.012117421725364588,-0.0013854271820169604
528,0.03989062248673,-0.0015961968851831443
529,0.02306244116724179,-0.0012373884224788328
530,-0.0046829418086901985,-0.0011725895335173017
531,0.021453657046877406,-0.0016057273911913319
532,0.018660854269435187,-0.0016427654780030332
533,-0.016181710213776773,-0.0016957741322258012
534,-0.03664624461084648,-0.0020673236818406758
535,-0.04851721819675808,-0.002576246417143527
536,-0.0013094718463552402,-0.0031351043012508295
537,-0.009856630824372764,-0.0030970588747005444
538,-0.031120662209487397,-0.0031176940279556316
539,-0.08253366504758511,-0.0037034090720675615
540,0.025300004332192413,-0.0047818392830299705
541,0.03313069908814587,-0.004539798894478921
542,0.0014437980381332685,-0.004085119263695615
543,-0.031460388703052795,-0.004223665848264426
544,-0.057078689774990456,-0.0049214584370135175
545,-0.007221976074435071,-0.00583139912925637
546,-0.028180390397128118,-0.006070902720313198
547,-0.03204355781675373,-0.006362996344211166
548,-0.03554623806196131,-0.006742396417554335
549,0.025672086847132233,-0.007036059246460851
550,0.0350967863183612,-0.006427593737088262
551,0.006811061163329247,-0.006319236114576592
552,0.01214500115446777,-0.006396590420227955
553,-0.05218528708673502,-0.0064216720733584545
554,0.026095887213482112,-0.006885223915563675
555,0.007079646017699163,-0.007205212955207363
556,-0.01716641000090584,-0.007354684805400206
557,0.07780427362416414,-0.007463976990591478
558,0.02820945176138175,-0.006625877730562743
559,0.0015723270440250927,-0.006420854503893047
560,-0.018806286420625196,-0.006656000875572955
561,-0.017740345847146347,-0.0072793464080973536
562,-0.015583835677606524,-0.007492678010281392
563,0.06902403228765369,-0.007768772230596903
564,0.0401178098085591,-0.007291686768382327
565,-0.031422740028914084,-0.007382807667046769
566,0.020250973604500247,-0.007634458878794667
567,0.043369912123464416,-0.006793840553759531
568,-0.019308900523560265,-0.005398681427629191
569,-0.018710930900489857,-0.004944873350997426
570,-8.517887563888513e-05,-0.00517481376571314
571,-0.016157449185681832,-0.005124243709478513
572,-0.026736126060188607,-0.0046377085212356214
573,-0.022595166295179474,-0.0048277856767060924
574,-0.006759998255484247,-0.0049260938589304765
575,0.011554716302490881,-0.00529454116464231
576,0.1838712506577795,-0.005556630867513936
577,0.004815768843095608,-0.004229386037296279
578,0.02896725440806043,-0.004120690967778035
579,0.01661401226537807,-0.003734661196905423
580,-0.02671441360787817,-0.0038273000166333566
581,-0.013119744853580764,-0.004312663250544594
582,0.00567726908799768,-0.004476546109238911
583,0.02305918524212149,-0.004005284574431547
584,0.04258406180855312,-0.0036755167786823003
585,0.05490600234549909,-0.0035474758012341958
586,0.005182421227197346,-0.003323759725170397
587,-0.005975829605395007,-0.0035164594928554747
588,-0.02088546358389214,-0.0036242826205427903
589,-0.020317782285327893,-0.0035987295544143605
590,-0.012287174626815136,-0.0035157807711010697
591,-0.022120726677800913,-0.0033591024837896374
592,0.010213940648723186,-0.0034890615439679335
593,0.014357227282208146,-0.0031210110651180155
594,-0.016938754643672768,-0.002764567792702509
595,-0.009368399536690058,-0.0029813739865223194
596,0.0018634183374166243,-0.0033047284418228373
597,-0.00673516374007759,-0.0034442833862235356
598,0.00010360547036874124,-0.0035525752165871793
599,-0.04287204450625883,-0.003779805031248717
600,-0.050250388533932,-0.004233679832588463
601,-0.013285067873303224,-0.004672039492320956
602,0.025497716894977235,-0.004614141347291163
603,0.04271310724106316,-0.004167819042054458
604,0.02652594547053657,-0.0036319735109091827
605,0.019153225806451582,-0.0029544330986856653
606,-0.01451905626134285,-0.0023151966839981847
607,-0.026102764629210445,-0.002120026721099851
608,-0.007416649338046867,-0.002384114062034431
609,0.03707368793072984,-0.0027230741115765035
610,-0.01748433334487419,-0.0022473284040933853
611,-0.03773779983457418,-0.002595330564911792
612,-0.024445147901937987,-0.002765282972585549
613,-0.007925831666969666,-0.0025413177926679087
614,-0.0059267241379309535,-0.002172672678587922
615,0.04147096304387418,-0.0019017072121234005
616,0.02014019855531447,-0.0010925545969237551
617,0.00521990618276732,-0.0006522617475241822
618,-0.02423212923802244,-0.0008455729479542053
619,-0.007644935230409941,-0.0012237638055518213
620,-0.016046051448102103,-0.000694878924229992
621,-0.02112852889478777,-0.0004973592448488175
622,-0.005605422238505121,-0.0004908347519629593
623,0.010775546107608848,-0.0008219280837451802
624,-0.02965977416043399,-0.000285659444776813
625,-0.02945064629847232,4.661658534976222e-05
626,-0.002385460053010206,-0.00020314714832847384
627,0.004202468950508441,-0.0004780631466378054
628,0.014343395500865068,-0.00031486423987907503
629,0.0009310293460449874,-0.0005703365097377243
630,0.024538030183282673,-0.0007916506279496923
631,0.022548080465698932,-0.0004994409080299637
632,-0.008123833571193218,-0.0004884966738417483
633,-0.018501052020605174,-0.0007563435522480325
634,-0.020530116948344636,-0.0007795369703163166
635,-0.027744674512140584,-0.0006183756936912981
636,-0.042517700263187054,-0.0004106502568451231
637,0.03742260061919511,-0.0008227325410134411
638,0.03774098258706482,-0.0003499402265777624
639,-0.09893398167196564,0.0003386762213877598
640,-0.059297570363242694,0.00017467305514395445
641,-0.007852750540136342,-0.0006713026918103967
642,0.04820411832698314,-0.0010811371880932188
643,-0.012445550715619166,-0.00061353398520472
644,-0.009493161705551027,-0.0004233856053303838
645,-0.0192615713170972,5.2469675364010486e-05
646,-0.018230541231881038,-6.792627706261081e-05
647,0.00708658134978539,3.157221458985997e-05
648,-0.024198526688341063,0.00042287360625525123
649,-0.01414617716402835,0.0005363507199914537
650,-0.020127700959871535,0.0001381680798798479
651,0.025054419736224357,-0.00041407679290247955
652,0.040080331581421165,-0.00023164320717352838
653,0.001587168991730114,4.771009709600559e-05
654,0.026985574531586762,0.0005854346578806569
655,0.04306757656458054,0.0005943315310617034
656,0.020610191496267496,0.0009542108365305171
657,-0.0039004975124377703,0.0013319768515022506
658,0.007767377016530526,0.0005149291401362314
659,0.02501003613006832,0.0003105083926877192
660,-0.01714285714285712,0.0005448854835481514
661,-0.037896304424501266,0.0005615197763258322
662,-0.011081235231809658,0.00035996019055228303
663,-0.016558297322402257,0.00040498619501025174
664,0.01588746379809683,-0.0004508371010903078
665,-0.017276422764227643,-0.0006931405611949304
666,-0.024578709412248326,-0.0005516773885480661
667,-0.030788940777782322,-0.0009999742187155518
668,0.00012652889076339576,-0.0017415627477280194
669,-0.019451962110960733,-0.0015472084535847828
670,-0.00956998851601378,-0.0015546187656894914
671,-0.02589891878300229,-0.0016494668620932404
672,-0.039386189258311936,-0.0017468815580664449
673,-0.034226642922295075,-0.001873382190047678
674,-0.057361976947571384,-0.001989696956318834
675,-0.07381541725601139,-0.0024957167432397057
676,-0.0212936732766762,-0.003349418078824728
677,0.021840433043069027,-0.005401067318169285
678,0.07177806047558477,-0.005230820676169551
679,0.008498978264908101,-0.004802712615494308
680,0.04467272984307992,-0.004883862955499007
681,-0.026924339790796985,-0.004169991520989427
682,0.0013669917069169004,-0.004308037470361589
683,0.06273341842764625,-0.004351140244172397
684,-0.06691804273393143,-0.003954397912317149
685,-0.054731840380131104,-0.005049418957741994
686,0.004288876591034896,-0.006145797384998297
687,0.02149589117414933,-0.006154732831359921
688,-0.01775632853760689,-0.0058800156235644776
689,-0.10979879557443635,-0.005848724273101625
690,-0.04524671365974471,-0.00674353440599271
691,0.03970736629667006,-0.007073129796322005
692,-0.05250399961215888,-0.006454848866577296
693,-0.055826426133593315,-0.007082028269186117
694,-0.06577160959420733,-0.0077838648033441305
695,-0.07479431563201197,-0.008272193352849476
696,-0.09435375970029433,-0.008926452513802696
697,-0.003630862329803294,-0.009888624294179804
698,-0.036304587368787444,-0.009857581280077063
699,0.21666454000255186,-0.010221663208468623
700,0.0194867187061268,-0.007626297363380516
701,-0.13814987814784732,-0.006928926290979929
702,-0.0045633802816901535,-0.00817757439372537
703,0.11954368057640345,-0.008478185365492044
704,0.0009490167132388191,-0.007709879632138641
705,-0.044722719141323794,-0.007965648919711618
706,-0.044908251958364655,-0.008604408369189373
707,-0.013040801477584286,-0.00890830032615959
708,-0.04062146892655366,-0.008777680694643328
709,0.009241126070991377,-0.009109728890528397
710,0.1013904636868175,-0.009388054509125781
711,0.055925511226353995,-0.008199306538808864
712,-0.016714004806641918,-0.007262673428199582
713,-0.024673282359958696,-0.0071853619972466224
714,-0.02715135195781445,-0.007352836504176512
715,0.026149634016874375,-0.0075650827823753476
716,-0.031712832108535975,-0.007718296072645345
717,-0.08540218470705059,-0.00823682637928385
718,-0.025918307375844822,-0.009143047288182028
719,-0.04306363581838889,-0.009159909069560252
720,-0.0503776803118909,-0.009514096075440041
721,-0.05728155339805822,-0.00985741236407793
722,0.033205450456409456,-0.010218942609110635
723,0.06258987879202894,-0.009830833882161489
724,-0.010343918829885316,-0.009312690555317287
725,-0.01839762611275959,-0.0091195320020118
726,-0.0709553464952962,-0.009009001800154674
727,-0.12127976190476195,-0.009694700664577534
728,-0.04528274458496887,-0.010949522973130238
729,-0.01933176040794575,-0.011545784373988576
730,0.04756604333630155,-0.011748412271528485
731,0.0871569866884807,-0.011518132139998296
732,0.045266609637867085,-0.010872043077770477
733,-0.08463971397139716,-0.010338138645679874
734,-0.04035405631446886,-0.010999525265187795
735,0.03592592592592588,-0.011197764658849037
736,0.016659262549977787,-0.010561058654468372
737,0.027023121387283095,-0.009969289026336725
738,0.11470696645779581,-0.010073283818655845
739,0.05511919525974921,-0.009303623979948534
740,0.03738505939995968,-0.007763092210631385
741,-0.029140014214641203,-0.006796265912999362
742,0.038097740409879025,-0.00700913854974441
743,0.05060810810810817,-0.007110202328915452
744,0.03588699414609325,-0.0064796657406781775
745,0.0022868758734596218,-0.006025864182161735
746,-0.02621018309505881,-0.005810379710256167
747,-0.020629613273610386,-0.005890176128887945
748,-0.04465146161259246,-0.006167338075121903
749,-0.03412549375121421,-0.006371867424364417
750,0.008379330983573791,-0.006571660590236276
751,-0.003711312876930041,-0.006286590270801822
752,-0.021880544056771038,-0.006574247596933366
753,0.00964994010382016,-0.007193856353315288
754,0.022783128528727853,-0.007113228642194387
755,0.05628899835796383,-0.007155253102222976
756,0.06306247976691493,-0.007023038884289144
757,0.04070708328146391,-0.006598516001582669
758,-0.032941317652706165,-0.0061524401936436535
759,-0.009493670886075964,-0.00655952714033602
760,-0.010106716886377988,-0.0069045642104974625
761,-0.045207735952656924,-0.0068342028079326714
762,-0.006253553155201877,-0.0069073171232142275
763,-0.034606511150986966,-0.006859040302448149
764,-0.035514018691588906,-0.007039522440733997
765,0.00705029208352906,-0.007553537265630854
766,-0.07297261889165457,-0.007310270117153288
767,0.013157894736842098,-0.007794209211947349
768,0.06291574279379167,-0.007354740856801105
769,0.08942816920292287,-0.0067268487177708225
770,0.04722527295044901,-0.005638047404631987
771,0.020419459991389343,-0.005070094789967359
772,0.06805802068670057,-0.004606911002223442
773,0.015783873256089005,-0.003532468902773317
774,-0.01745534678728828,-0.0030323637409894765
775,-0.011940644562949236,-0.0026332974393866453
776,0.018468710776403104,-0.002014549712456024
777,0.0012247754578326112,-0.001616925871925231
778,0.040126902062158416,-0.0018230824477775953
779,0.08908163863330022,-0.002139594031911859
780,0.06255254750294265,-0.0013337674282279377
781,-0.0344400796426842,-0.0011549692516293103
782,-0.04772026782867477,-0.0012301266501481825
783,0.011466740885054285,-0.001720999245504099
784,0.012785698121747112,-0.0022336660209300186
785,-0.05394969108561342,-0.0014366286123732334
786,0.019027849852966516,-0.0014288071194280567
787,-0.013234363312043173,-0.0012814173868087404
788,-0.030797607735733,-0.0016287199316706656
789,-0.023582954075300012,-0.0017591327236519266
790,-0.00443369609028607,-0.0008969743086605631
791,0.032049734427812664,-0.0004888441329659768
792,-0.014540145985401513,-0.0005654204516545506
793,-0.02304360381172399,-0.00018578191538697698
794,-0.017402784445511146,0.00014204630783171628
795,-0.02355691422406046,0.0006257345593186781
796,-0.033777239709443005,0.0011381085733981934
797,-0.05422282675899598,0.0017438737733067066
798,-0.02500000000000005,0.0012379541290147796
799,-0.053134755463059236,0.0013510000027026536
800,0.027307846010390456,-0.0013469929519534574
801,0.06592081463120522,-0.0012687816789108209
802,0.04329617936988595,0.0007719252488797046
803,0.021644749260680787,0.0012505208453954656
804,-0.019667912505361238,0.000271531532238239
805,0.028683500858053487,6.536224005223838e-05
806,0.040374414976599056,0.0007994244400460113
807,-0.014561078952079715,0.0016522511093956483
808,-0.0045780374676223775,0.001637048334650694
809,0.055407694168884566,0.001997482649240007
810,0.04079065588499552,0.0024591483302189385
811,-0.006977280590473876,0.0018531502522007187
812,0.008210742387957565,0.0012241223340324404
813,-0.01538983818037795,0.001473369805978435
814,-0.020892795981276382,0.0015662042477742428
815,0.0160989267382174,0.0016287898075396231
816,0.014773247824095354,0.0015282827347530533
817,0.0544577472974544,0.001993143534079367
818,0.017762868455785247,0.0033917428541244167
819,0.010250507043797645,0.003828554612440717
820,-0.022756968641115018,0.004361696041062583
821,-0.001653074718977204,0.004637903157770342
822,0.02478975430110477,0.005194187944561152
823,0.023306115827610458,0.005110030983008104
824,-0.006510626849609943,0.0047171933533639195
825,0.006784692038587942,0.004755526273166674
826,0.0589451913133403,0.005007349454680149
827,0.028176390489158876,0.006306354832766514
828,-0.01739130434782601,0.007800916356705722
829,-0.012107414497852761,0.008079830759077151
830,0.020449354650236333,0.00815207421817808
831,0.007693515465536185,0.007880907331317428
832,0.00510440835266826,0.007086272619087983
833,-0.0002587723838112585,0.006684650606235995
834,-0.0016115616552297891,0.007528460022111855
835,0.020096839693861685,0.007915884968704245
836,0.0258825965420851,0.007757594106383603
837,-0.005250403877221427,0.007849827446304677
838,0.017601537605583882,0.007527092193659632
839,0.012143717382577215,0.006556037905137511
840,0.00874169538938009,0.006126283126365792
841,-0.025049115913555964,0.005839849486259996
842,0.00800988875154514,0.005880758469270848
843,0.012696523334821219,0.00557987995268751
844,-0.009424603174603204,0.00520076410495464
845,-0.04994883290287998,0.004747648131747675
846,-0.016730886229973693,0.004225291043984279
847,0.003134796238244438,0.00432008401263513
848,0.014661558109833996,0.004557728107753679
849,0.010528447054059446,0.005150858304977943
850,0.0027238335435056343,0.005597397713030679
851,-0.013913043478260926,0.005540842738629997
852,-0.007058230400806683,0.0054388254326166886
853,0.019392535133229208,0.005587048569176333
854,0.03471478819391346,0.005684474519470423
855,0.011772239188257247,0.0058037911161222784
856,0.02092500244450964,0.005358623524425213
857,0.03505284592262203,0.00493724875120116
858,0.023094908622417348,0.004880706377612742
859,0.01265585450454668,0.005441068640363977
860,0.033535012429060575,0.005662563894270203
861,0.020700417680268007,0.006098981187424588
862,-0.014185670676961738,0.0067580627237538386
863,-0.00881938446151747,0.00667874154853624
864,-0.01362124732358426,0.006936612815430935
865,-0.016580405807722274,0.007155540529110981
866,-0.01605738084220268,0.006919233550198468
867,-0.023637895525182473,0.007488385930692986
868,-0.013035646568069775,0.00712042802807274
869,-0.009863718669589351,0.006360914134454126
870,-0.005088814210273654,0.005367995255729004
871,0.010622446527276999,0.004844854384121778
872,-0.025942382112655902,0.004746884249480654
873,-0.027027027027027098,0.00380688022148709
874,0.006485530388640462,0.003378771218655928
875,0.01720682407000054,0.0036181799904152156
876,0.045017182130584275,0.0039096546767447135
877,0.02525959913064472,0.004175139390286525
878,-0.010318465362787941,0.004415487627014647
879,-0.011827906319212192,0.003911033952765183
880,-0.03702133672460088,0.0029019385032400587
881,-0.01394834303304317,0.0019061996609646237
882,-0.0242811501597444,0.002111117027061034
883,-0.014046593578700101,0.0023455082037503374
884,0.02597402597402606,0.002090374859112794
885,0.020417199645773914,0.002222258137635583
886,0.03595297331577152,0.002965927044949456
887,0.020451272203552525,0.0031351782795775063
888,0.034092516621870225,0.0034720346347334634
889,0.03013392857142866,0.0041209358783094955
890,-0.014732796486090771,0.004658104704776783
891,-0.006552233296419285,0.004555113700818735
892,-0.004601440855217333,0.004169094023576416
893,-0.0075571421948166136,0.004268481074878258
894,0.021847719527566305,0.004423345691047332
895,0.04208809135399674,0.004815850730778106
896,0.020630845406198424,0.005472300786558678
897,-0.013886400286687075,0.006016381637715093
898,-0.010782892352301537,0.006419745902438181
899,0.019238678426175475,0.006561916978915168
900,0.0009930934862095375,0.0072856513178075144
901,0.004973136184006059,0.007022503792565705
902,0.011131394986419699,0.006413027008093712
903,0.00395713841091999,0.006091379164259051
904,-0.012355956710336034,0.005914503055761442
905,0.006157093851702022,0.005987622613711694
906,0.0020608611768832713,0.00576235854364818
907,-0.0026338893766462805,0.005379223005651023
908,0.010834140755747415,0.005498494901405356
909,0.015092352915368742,0.005652616683639053
910,-0.004669058838787828,0.005249463271103896
911,-0.03864087729902434,0.004794866123866062
912,-0.013806531551464626,0.004478230156780558
913,-0.0025138034744355267,0.004258057417386336
914,0.04640813731722822,0.0043868177644457605
915,0.029262255226981414,0.005059827097430806
916,0.006866952789699546,0.005191460382318447
917,0.008593048608439105,0.005112397431974488
918,-0.0024275979557070765,0.004653750445084336
919,-0.014199983095258278,0.004451845780969412
920,-0.008144294729660568,0.004207340879578853
921,-0.016137273269181726,0.0043534676186933975
922,-0.008734573266121983,0.0042086256331913515
923,-0.014517320815404022,0.0038733823575190845
924,0.003725782414307104,0.0034951479910889393
925,0.012010169194354384,0.00359751208372811
926,0.0023143094188026775,0.003649766855285774
927,-0.0006885274119975755,0.0030834580363403984
928,0.025896587743732664,0.002794808857328834
929,0.011774276417194725,0.0032276877782444206
930,0.01002378525314311,0.003466504687394896
931,0.01494755615949714,0.003362248993423963
932,0.027798805618639014,0.0034347894003635727
933,0.024860498042808477,0.0036617333730232806
934,0.0018327699262818745,0.0039129260772894775
935,0.00048264489401924363,0.003947369393104594
936,0.023227233624185765,0.00375122744510617
937,-0.004906066770372215,0.0037246738159271765
938,-0.008019470156399582,0.0037281171869956685
939,-0.015968701345363087,0.0034719071093758337
940,0.008569465216864079,0.0031907829220964314
941,0.007429240521661903,0.0031890606203712714
942,-0.007359705611775543,0.0035138441847234496
943,-0.0256143856143856,0.0033601482410902423
944,-0.01710233029381965,0.002977039151598175
945,0.009871545991491414,0.0029002618804060097
946,0.022739378047281565,0.003498465669349724
947,0.05253961804144648,0.003893168312122276
948,0.030430430430430522,0.004387216530154297
949,-0.006383633287186682,0.004544905253360263
950,0.014308917936421955,0.004375784449947801
951,0.005153261823872832,0.004491635293876964
952,0.0208412710508269,0.004682298346898301
953,-0.0048030018761725055,0.004961293361414637
954,0.030171445683911068,0.004719337991320621
955,0.008688033876031231,0.004673904566220596
956,-0.0017352324488468592,0.004643062513098336
957,-0.0009779065555959386,0.004416460164164772
958,0.007593648948152363,0.0040561526393825915
959,0.006720674247102928,0.0039011400426399423
960,-0.0018711766822597405,0.0038417882400655044
961,-0.013410030559050734,0.0034877263489523007
962,-0.019364664926022537,0.003146621866559114
963,0.005798475620874629,0.0030948319240685063
964,-0.012694090808742325,0.003241010524892427
965,-0.029098703091510122,0.0032502820900408456
966,0.000372009969867277,0.003125099117202968
967,0.019489576657745,0.003289393025323667
968,0.01451952562160567,0.003720667747152942
969,0.014006323064480563,0.003996219469049696
970,0.02703097070732873,0.004234919886390396
971,0.020359712230215918,0.0045561177355664196
972,0.013917983312622107,0.004653490392595809
973,-0.00462298182327599,0.005052094046848588
974,0.004385041745597418,0.0052761344988861
975,0.012283718808128312,0.00525512961245567
976,0.004308697314013525,0.005205898559836946
977,0.0030932851383288834,0.004798813711671239
978,-0.0063407366342124,0.0045771505717480815
979,-0.006616290002437699,0.004616927859033836
980,0.02255823744035927,0.0046690440222015815
981,0.011471943991959251,0.005264839763851182
982,0.0055566989092406,0.0055190426341012065
983,-0.011345826235093642,0.0058174211247910565
984,0.019211289252156902,0.005844428798227121
985,0.015897594714565928,0.00577680143100843
986,-0.0010531322190515092,0.005731605381696351
987,-0.008891443253659675,0.00536154432634812
988,-0.0068179505444184085,0.0050681171717759975
989,-0.011421448064418268,0.004659012500113111
990,0.004821996511747095,0.004243458733754642
991,0.009450760169839716,0.004439006663733021
992,0.0068358046524282096,0.004599036598395611
993,0.00010151597184633718,0.004713409053472066
994,0.0017470770057789232,0.004789995635138696
995,-0.003524436090225602,0.004588989209920822
996,0.007509681764606898,0.004132863935478599
997,-0.008273561301084297,0.004001652299062683
998,-3.349859305906105e-05,0.0040577806889187116
999,0.0044584492641882075,0.004165274626511136
1000,0.005312928125104527,0.004017472334891263
1001,0.017211017709406085,0.004060670681280213
1002,0.02483032610494951,0.004183049496534213
1003,0.01623366039704019,0.004320038807719512
1004,-0.0036318056180497382,0.004442804027580714
1005,-0.0031981578610720224,0.004530045538503577
1006,0.002390489727354985,0.0044364930213758366
1007,0.0031980555822060186,0.0044397893068805535
1008,-0.004716530163485191,0.004498108756469076
1009,-0.030168843580758112,0.00434260204727675
1010,-0.050727876388711485,0.003889990082315482
1011,-0.012098360655737697,0.0034294019068162452
1012,0.015389807627404665,0.003694827073249111
1013,-0.023105146597031542,0.003986790465037805
1014,-0.01837375559564375,0.0037808770338118446
1015,0.02318649707136192,0.0031330581046831248
1016,-0.0066725978647686444,0.0030723005231269294
1017,-0.0067209294471274016,0.0029369050165822474
1018,-0.0018554150632216204,0.002783765236026583
1019,-0.005114566284779051,0.0027894870649514377
1020,-0.057292558474024924,0.0028803412330562295
1021,-0.043393621916256654,0.002388858595612586
1022,-0.007639726578206584,0.002116295109141837
1023,0.007688022284122537,0.0021272435760209905
1024,-0.012919419733490827,0.0023492970070162563
1025,-0.026713635696462547,0.002182844985538277
1026,-0.010129494267374192,0.0017956069366301078
1027,-0.006502971185110473,0.0016711688997683388
1028,0.01094304388422038,0.00161302446203721
1029,-0.003590325018896619,0.001463489023442087
1030,-0.010641068571641021,0.0013098430090811735
1031,0.009604477047568708,0.0011031944708333324
1032,0.007391565360948624,0.001049763679714048
1033,-0.009443045474744524,0.0008456912771371443
1034,0.004377104377104437,0.0005026558419616141
1035,0.0016517136529148907,0.0005280991864698399
1036,0.015632614807872598,0.0005397898740587963
1037,0.0019714328224967625,0.0004638436858956646
1038,0.0022486821248203404,0.0005326186818243544
1039,0.005984240261670966,0.0006353002046365536
1040,0.003323854193596167,0.0008548296207068942
1041,-0.02244935207154582,0.000802373510474215
1042,-0.021231188137027568,0.0005035875845421377
1043,-0.014880729828759298,0.00036487275928961753
1044,-0.0006064741111362602,0.00047220931714588054
1045,0.010001136492783218,0.0006371678789727145
1046,0.022426942535679218,0.0006384637839856325
1047,0.018357523972986144,0.000635339428869609
1048,0.022545588506170583,0.00029351848818500565
1049,0.032429072828312394,0.00021467006894240623
1050,0.0019931662870159537,0.000602797130097397
1051,-0.008101319559910922,0.00047963961360333694
1052,0.029657387580299795,0.0003470937997654994
1053,0.03083356960589732,0.0004352549650602284
1054,0.009185164567531786,0.0007916206798809267
1055,-0.04243103682565569,0.0005817578687171338
1056,-0.0026091248854100877,7.056716170026463e-05
1057,0.006614509246088242,6.182823733463234e-05
1058,-0.0033400133600534,0.00013775239535147415
1059,-0.008349844324936363,2.841577226941652e-05
1060,-0.01541990119971773,-0.00012228941345097637
1061,-0.012790572342183748,-0.0002577766586255563
1062,0.0005021520803442839,-0.0002515820764568864
1063,0.03182800424861757,-5.291390639321821e-05
1064,0.006576360842060027,0.0002073813798842112
1065,-0.004983740986851495,0.0004000858963922347
1066,0.006600894314713656,0.0006412355174388209
1067,0.007596734114305951,0.0007035243608872849
1068,0.010537109720306984,0.0005845959354528943
1069,-0.004724574788269135,0.0005447717764399074
1070,-0.010385600505245358,0.0003574627979124104
1071,0.0003521994857886306,-1.6702914213330456e-05
1072,0.005142938213804315,-0.00021677804165760336
1073,0.008336850991979755,-0.00030452849264578125
1074,0.03423017326384008,-0.0001749301644932238
1075,0.028755889024603066,0.0001235211506892028
1076,0.008871431957471318,0.00028824285285395035
1077,-0.07095620487212353,0.00033387019928852833
1078,-0.022890198026829404,-0.00040662470081599585
1079,0.011469142545057471,-0.0005721193147421659
1080,0.00025237957888662093,-0.00039126498926721426
1081,-0.016911421492944525,-0.0006143235678819408
1082,-0.012704502678442128,-0.0008981572227309785
1083,-0.02851405622489961,-0.0010807692386078057
1084,-0.029183164686904163,-0.0012524515385058655
1085,0.0004910663695085386,-0.001736396077896476
1086,-0.0001877440672875164,-0.0018904613613470497
1087,-0.014384716238995973,-0.0018818074798294102
1088,-0.0009780686905164614,-0.0019367402096827733
1089,-0.038214868505939026,-0.0018783413911437536
1090,-0.03183819064966601,-0.002146275595558961
1091,-0.004626306133843809,-0.0025128774671730925
1092,-0.03067195538624672,-0.0026536481302099272
1093,0.043400071933820825,-0.003028725730596677
1094,-0.009563053957393904,-0.002595740170976932
1095,-0.019915533341082516,-0.00270884148060866
1096,-0.0022631496800373974,-0.002872752453117229
1097,-0.01736876716568017,-0.0029704807675636716
1098,-0.00352747511170329,-0.003061432826209631
1099,-0.016598328339378566,-0.0030963725913960728
1100,-0.030519098922624846,-0.0033069403674317404
1101,-0.042837587567436934,-0.0036652606379090347
1102,-0.026855589422522492,-0.004265746690677464
1103,0.017294257965581882,-0.004782605845952185
1104,-0.00764722995719215,-0.004771999870266768
1105,0.015620332038752066,-0.004812154113658192
1106,0.017407161803713482,-0.004623969214659952
1107,0.0016071207813080101,-0.004473802493896366
1108,-0.021044521936582586,-0.004489711841905347
1109,0.02690676203942443,-0.00465299175963632
1110,0.038878397241152794,-0.004082235703434495
1111,0.007304277643260703,-0.003186172967135852
1112,-0.028427491903562484,-0.0029921465841458677
1113,-0.028625190167347287,-0.00343031957945554
1114,-0.028340910021706137,-0.003485520015158697
1115,-0.0004100881689563023,-0.0035851915594193205
1116,0.01688641184544359,-0.0038211574118225027
1117,0.0014493353762060305,-0.003585567314720381
1118,0.00707099276738454,-0.0035038646664870467
1119,0.03767888162792615,-0.003414600588180985
1120,0.007892723392260216,-0.002986666109053933
1121,-0.006786252877212396,-0.0023348132903910812
1122,-0.027792135501570437,-0.0019687396000006387
1123,-0.027298161470823278,-0.0021702636892342777
1124,-0.015987601451935184,-0.0025201255267837354
1125,-0.024211087857523926,-0.002550807343968179
1126,-0.014537426583912945,-0.0025257818655787926
1127,-0.01042844578464635,-0.00256986118874418
1128,-0.03876886652855869,-0.002609115934739539
1129,-0.03987928432851908,-0.00310623503886733
1130,-0.034034517588160375,-0.0034691246319635545
1131,-0.019652712343518623,-0.003703059122128748
1132,-0.012577478170384116,-0.003995631016039621
1133,0.013995139951399576,-0.004195321451352948
1134,0.04166476728814326,-0.003960939597091508
1135,0.03074889867841405,-0.0035880629679811192
1136,0.00817034967403271,-0.003297091117726128
1137,0.03561458421453353,-0.0033717137690645266
1138,0.01880929693002441,-0.0030352822551441595
1139,0.008483563096500465,-0.0028696761070921184
1140,-0.0653366380886596,-0.0028446828787438232
1141,-0.0063032367972743536,-0.003531287801566381
1142,0.04463898760509657,-0.003369826648823666
1143,0.03570964247020589,-0.002711124891402425
1144,0.0016925363276089687,-0.002205221168412773
1145,0.014140411808484195,-0.002182231064025321
1146,0.0170386069899846,-0.002140838310868311
1147,0.00723068752808534,-0.0021947216663252573
1148,-0.01266647660163733,-0.0023059900307742655
1149,-0.020103342483449013,-0.002658110681852344
1150,-0.0022613271934874245,-0.003183434834969959
1151,0.022452720153294952,-0.0032259797697749924
1152,0.0017161068889433174,-0.0029204393726429334
1153,0.03221995926680243,-0.003199852179556498
1154,0.03231306324592031,-0.0031859882829474474
1155,-0.011216429699841924,-0.002954709296163562
1156,-7.906700929030169e-05,-0.0026425632249054243
1157,0.0029039700851301543,-0.002617262646144226
1158,-0.02111919818637395,-0.002654368037753807
1159,-0.011480871903978217,-0.0028321598860170127
1160,0.0049956649188719685,-0.0028634701618074315
1161,-0.006946146931437513,-0.0026593145006215345
1162,0.014168869795108965,-0.002600870246514072
1163,-0.01304650116559649,-0.0024642030693664257
1164,-0.04583044771255143,-0.0029129481235085656
1165,-0.039501557632398716,-0.003437016209054681
1166,-0.008325505934591361,-0.003782194375510153
1167,-0.0219066585851589,-0.003931458378003203
1168,-0.006722542343286277,-0.004226492304997852
1169,0.0022200515051949204,-0.004399088825633784
1170,0.0060457373170945215,-0.004329642562699143
1171,0.0002648889673745189,-0.004165329184475744
1172,-0.019843342036553534,-0.004166202289659886
1173,0.02272727272727275,-0.004416065092163465
1174,0.018004567012120123,-0.0042721608748105344
1175,0.016145046406216192,-0.004434416937327734
1176,-0.013036093418258994,-0.004560525363511602
1177,0.013119408121128748,-0.004779600617268905
1178,0.023622385431430658,-0.0039388444873363826
1179,-0.0035124398912816366,-0.0034737186527537822
1180,0.006798748696558897,-0.0036235344771171733
1181,-0.0009555860235156831,-0.0035580707859404503
1182,-0.002860103626942996,-0.0033985124312461623
1183,0.002331293451563225,-0.003300068440731171
1184,0.02127305274551428,-0.002991614943966542
1185,0.05067735007434322,-0.0024870527696423585
1186,0.04255578093306292,-0.001985189932594011
1187,0.012426986553765288,-0.0015577546825905066
1188,0.0012076824184814455,-0.0012896376546628944
1189,0.024654449448672244,-0.0012677801435729153
1190,0.01662007429249811,-0.0006390869640268024
1191,-0.0031735237447579243,-0.00015450431460516128
1192,-0.0108610164413317,-0.00013997649071430246
1193,-0.0038987092622732606,5.813289873484772e-05
1194,-0.006683280471227843,-0.00041485491322609314
1195,-0.01440096509085423,-0.0003860571783644326
1196,0.025272132145847552,-0.0003309114958621497
1197,0.01130648515787487,-5.555867760330024e-05
1198,-0.017154501667284165,0.00023119384563225016
1199,0.0002608339233148011,9.492358007644146e-05
1200,0.01140071254453411,0.0002635152027033751
1201,0.005417238692441974,0.0006827133173749647
1202,0.005881700144268235,0.0011652615799737538
1203,-0.011067684552726642,0.0014926344756416609
1204,0.10526509032163298,0.0012090150504585758
1205,0.03077384723102063,0.002338138253246827
1206,0.01210992081974863,0.0024896734051695125
1207,-0.0014439011584025127,0.0024367009953298645
1208,0.0063409665867201325,0.002406190775932759
1209,0.001666339933346373,0.002680045661165786
1210,0.007477062722434521,0.0024276414401050057
1211,0.004901006166828922,0.002113628094917823
1212,0.005474809359316974,0.002089595380153505
1213,0.00457509977611222,0.0024286183927822993
1214,-0.010246826061738578,0.0027606212922168943
1215,-0.0033350602253593214,0.0029415621318165702
1216,-0.00019469773177143224,0.00291231241125254
1217,0.002454463247642394,0.0027415013154803896
1218,0.010968743933216807,0.0027515525941947533
1219,0.0007037072577808505,0.0027905301058530757
1220,0.005771080474511098,0.002420778362151623
1221,0.001280737704918142,0.0023995619329741317
1222,-0.011321831789927671,0.0024802318387954375
1223,-0.007868957764573777,0.002644934875911865
1224,-0.026470208924426218,0.0028392269129743604
1225,-0.03016596160104145,0.0027344008382494496
1226,-0.032103100980652,0.0026748521008142746
1227,-0.015538627477416791,0.0024991953568468837
1228,0.019775265548686645,0.00244809353991918
1229,0.0031208657010073576,0.003033534860691633
1230,-0.009672021419009325,0.0034635363609868968
1231,-0.007584260109512504,0.003707161322678408
1232,0.01354663036078952,0.0038278458450184687
1233,0.004558598401088729,0.004089086930330205
1234,-0.014144080127228878,0.0039947215148270964
1235,-0.056802767227346715,0.003436633040673376
1236,-0.017359540789702588,0.0025611163816157676
1237,0.015685996167222716,0.0023058174769784146
1238,0.007624200688637537,0.0021065315965053065
1239,0.015648573734255065,0.001994680634091438
1240,0.011287769289008293,0.0020663307404689838
1241,-0.001216503902950068,0.002832574814245663
1242,-0.000776292696098155,0.0028834421431889056
1243,-0.0028259991925717663,0.0024292893401769585
1244,0.002492673560817897,0.0020439329235491816
1245,-0.0037141136318008887,0.002051934295881271
1246,-0.011343862936688483,0.0018733890414784201
1247,-0.004203093476798925,0.0015895643422116894
1248,-0.003437584254516172,0.0014752265321628468
1249,0.006862745098039123,0.0015675154556340585
1250,0.014179154626705095,0.0018371763314489397
1251,0.01158288270245019,0.0020015811496508647
1252,0.0003969566655640243,0.0018928827751424173
1253,-0.00488497210944984,0.0018796912729086243
1254,-0.006331421752245914,0.0015086419591461018
1255,-0.0017588690140376755,0.0011221971091644395
1256,-0.005210753401924969,0.0012167727160224818
1257,-0.00674908118944216,0.0011654558520961353
1258,0.012756554056316342,0.001068925339350412
1259,0.009445970389227551,0.0014076828617773153
1260,0.005707498927781865,0.0016169512847093725
1261,0.02237464207231813,0.0016240696247984718
1262,0.00942254212334368,0.0019172775148360282
1263,-0.002757412573801226,0.0018698142381183753
1264,0.001949887881446891,0.001972705124036328
1265,-0.00135851986026658,0.0024505084799763114
1266,-0.004290599393509391,0.0028319388576976325
1267,0.011690793095631195,0.0028722879231084524
1268,0.03598589042425813,0.0032082624399163533
1269,0.009095551158486063,0.0036353467675917972
1270,-0.023896944427157903,0.003704101764124709
1271,-0.03223563617976104,0.003404674946682185
1272,-0.044547186904501546,0.0030796696952108287
1273,0.020290045710151652,0.0028326312465313487
1274,0.013666228646517823,0.002808258976360138
1275,-0.0057330584900799715,0.0027648755927041145
1276,-0.02732417138237668,0.0025460945437411533
1277,-0.03020914020139413,0.0024032137640999764
1278,0.01234690499834479,0.0019699282808747476
1279,0.01242769790117333,0.0018571734765438887
1280,-0.0014061018279323985,0.0020165748544684384
1281,0.0024914765276684726,0.0019345263492235257
1282,0.006811186063265388,0.001968996974735367
1283,0.013491387779160405,0.002065709871637451
1284,0.002566851869902916,0.0021773108149134228
1285,-0.000680183973570112,0.0019902488061573093
1286,0.017249235175421505,0.0014766734656781757
1287,0.02340494791666666,0.0012236080081017616
1288,0.0013141868068464906,0.0013333876217307755
1289,-0.004936777399114601,0.0013344526656144259
1290,-0.0006067767380959912,0.0010385403971365575
1291,0.014214961085740066,0.0008662718868306164
1292,-0.02521464364367552,0.0010401567351355965
1293,-0.014049560145651264,0.0008966204631121581
1294,-0.0024879693586933173,0.000795111954278378
1295,-0.0021895424836601827,0.0008370650654037235
1296,0.0025143678160918946,0.0009591792914756639
1297,-0.015132656403537519,0.0007316016481781072
1298,-0.027490297542043986,0.00046721023256398334
1299,0.016255829447035294,0.00036385227381638527
1300,-0.009489604270321906,0.0005238022290535902
1301,-0.027391861267120017,0.00031489906090502993
1302,-0.013740102468560769,-1.319193869058998e-05
1303,-0.001954441299366438,-0.00020940996481888
1304,-0.01812035158891147,-0.00011827753228527795
1305,-0.014914166751988003,-0.0013521319513907224
1306,-0.014236351071181772,-0.0018090120912208087
1307,-0.005685583731556718,-0.0020724748101301127
1308,-0.0007167688062215125,-0.002114891635861655
1309,-0.011713391255408353,-0.002185468989791071
1310,-0.006052668837604345,-0.0023192663016786187
1311,0.02101910828025477,-0.0024545636172790073
1312,0.012438682550805928,-0.0022933825961447486
1313,0.008479856015505983,-0.002223743864229859
1314,0.020355703765457877,-0.0021846963018359216
1315,-0.009726630490426831,-0.001878671003563957
1316,-0.019609845776733702,-0.0019425867062146322
1317,-0.0005835307040124913,-0.002136738186664255
1318,0.010128689860903808,-0.0021671181261808036
1319,0.004068654266958417,-0.0021755186669039335
1320,0.015113609102436573,-0.002141869196812158
1321,-0.0018325584552211641,-0.002048443910532903
1322,-0.04033018867924537,-0.0020795768721342963
1323,-0.011862600144414225,-0.0023696604410274732
1324,0.01365318807179281,-0.0024095968648258775
1325,0.004233905951761331,-0.002008362894863687
1326,-0.012878322060531466,-0.0016643642193356597
1327,-0.009709074517146959,-0.0014721164301344542
1328,0.0022238437749747607,-0.0014138209005317558
1329,0.005207610054159144,-0.0015893351182688748
1330,-0.07732388495206333,-0.001568467674737357
1331,-0.033856075040304884,-0.0022449863100678967
1332,-0.009261016434508879,-0.0025077044593758207
1333,-0.007955059568692555,-0.0027357809273288046
1334,-0.0015196990995781973,-0.0028609175070266175
1335,-0.004621037081928603,-0.0027346736967501107
1336,0.0144166761763476,-0.0022128563952959293
1337,0.02136460230722524,-0.0018950942256354278
1338,-7.427489137290382e-05,-0.0018383081642354025
1339,0.011214259190493805,-0.001915292920035507
1340,-0.0026640026640025547,-0.0019596360654731194
1341,-0.02163884007029886,-0.0020991537850032277
1342,-0.0024922813674067594,-0.002303377146676716
1343,-0.0016800448011948682,-0.002320537033389802
1344,0.002694610778443216,-0.002309077489476033
1345,-0.000853939258929091,-0.00230705811729978
1346,0.014303320013444528,-0.0022784563735710616
1347,-0.008436008436008335,-0.0020219845440697316
1348,-0.009432566397869182,-0.002064313693661826
1349,-0.010638694986748165,-0.0021242635150953556
1350,-0.030272452068617433,-0.0022992779159432286
1351,0.007896135449092644,-0.0027437939828964535
1352,0.027910222118850983,-0.0027806614554300294
1353,0.0032449156699242113,-0.0025055288008971597
1354,-0.0163147432772007,-0.0024242299231034196
1355,-0.02524702257955452,-0.002524063138352967
1356,0.0032100866336633046,-0.002758944674008136
1357,-0.0013438795883889676,-0.0026747362736522524
1358,0.001544878727019841,-0.002620684257641721
1359,0.006174983597699687,-0.0027328010109346854
1360,0.020308285163776422,-0.0027655108788499643
1361,0.001141726290150751,-0.002619503016490019
1362,3.783865597112059e-05,-0.0028318321743116925
1363,-0.008521113425487597,-0.0029256792089854184
1364,-0.00179897420194431,-0.002983316217502282
1365,-0.012956911619424064,-0.003020804838336194
1366,-0.007145313514959324,-0.003136788755927769
1367,0.0003868172675229102,-0.003165335897142268
1368,-0.02017213555675094,-0.003278375655423351
1369,-0.018188884570540253,-0.0038399559152334423
1370,-0.0031733594515181286,-0.004112800272523705
1371,-0.010222938701686874,-0.003905564422767307
1372,-0.00921786604422998,-0.0036854374479865656
1373,-0.03540491138838114,-0.0033321442393838495
1374,-0.0426699297386911,-0.003889093810369178
1375,0.016519733047705324,-0.004452455394221267
1376,-0.00036909448818899036,-0.004229927478843414
1377,-0.022848314835142516,-0.0039603767099015376
1378,-0.01504289088724046,-0.003886768456239021
1379,0.00423975392800724,-0.004160666415094874
1380,0.04161045531197304,-0.0042425458548265346
1381,0.027987616099071213,-0.00381238028342748
1382,0.019797199420569723,-0.003557418887713453
1383,0.03793034825870636,-0.0034275587541404097
1384,0.05074520936834636,-0.00318316914934495
1385,0.01917005819481938,-0.0027013855743605155
1386,0.02452999775297735,-0.0025028831526766205
1387,-0.01665620268124235,-0.002430075526901062
1388,-0.010647072055184944,-0.0028306870328801527
1389,0.011045961793077205,-0.002950299621500467
1390,0.01914201407278506,-0.0027904722295785485
1391,-0.015031439520779715,-0.002592984321469738
1392,0.10851276729792844,-0.002885448327534936
1393,-0.004280220698879885,-0.001548174218118896
1394,0.016996020772914153,-0.001450480823651182
1395,-0.0013406173542915751,-0.0012556409223351075
1396,0.00799628388466779,-0.0012471516710414216
1397,0.04073189600080728,-0.0011923325103556624
1398,0.02244224422442248,-0.0006336869863122147
1399,0.014919052737874146,-0.0001343615686475499
1400,-0.017521740535997025,-0.00014772933573916136
1401,-0.010100356102298494,-0.00022805069839591254
1402,-0.0024760647078243647,-5.5135646747697315e-05
1403,0.004199457707823496,5.750473085966672e-05
1404,-0.02794848326359836,0.00011904372093156605
1405,-0.007945928123969749,2.076240418469717e-05
1406,-0.027880540795049317,9.044479046487967e-05
1407,-0.026012434884893326,-4.599710677379579e-05
1408,-0.06269721498147904,-0.00024926561830716185
1409,0.018525747950456143,-0.0008690700800597372
1410,-0.021369043379158063,-0.0005666786880010922
1411,0.0013524575577463624,-0.0007198424334166294
1412,0.017966016090046603,-0.0009165089406417133
1413,-0.021541592113110856,-0.0008612356052493067
1414,-0.02606592295750759,-0.001161450086535475
1415,-0.03490180476689947,-0.0016256663537651298
1416,-0.06511524658699923,-0.0018774180965298562
1417,-0.06217557251908394,-0.0023324721046325114
1418,-0.0023607554417412573,-0.0029483925227832258
1419,0.0294152626362736,-0.0030732869758096763
1420,0.03932539682539692,-0.0028198208921165245
1421,0.001385041551246371,-0.0025777030148869213
1422,-0.006667671212235297,-0.002545527014822246
1423,0.03669407515561366,-0.002208901840152145
1424,0.01147449074939261,-0.0017233350871518663
1425,0.005160380160380109,-0.0017451220603758684
1426,-0.022447183098591568,-0.0017358573182896804
1427,-0.02941176470588228,-0.0018315459286702815
1428,-0.0043809523809522945,-0.0020285728305576346
1429,0.045450989595556504,-0.0020946207921169052
1430,0.008512561678405932,-0.0016921869967029318
1431,-0.01676834973986607,-0.0008338225303982391
1432,-0.0024062864232809833,-0.000662945277393851
1433,0.02229594198426158,-0.000594397977281572
1434,0.00011266759304476495,-0.0002918879617520306
1435,0.018719987995198112,-0.000275564294825801
1436,0.020856652488620373,-4.2154044054533814e-05
1437,0.0034473906186965842,2.224571906819392e-05
1438,0.011610279164355653,-0.00015692639781709266
1439,-0.018583169685068054,-4.0080857259807096e-05
1440,-0.04935794542536126,-0.0003380551460154257
1441,-0.001404761000797314,-0.0008049945736290127
1442,0.029666589309197643,-0.0006026537829339972
1443,0.02292621925802422,-0.0002810650761679533
1444,-0.017410996027768487,-3.500243557576235e-05
1445,-0.025865249797062916,-0.00023605850363787935
1446,-0.039174028103917576,-0.0004861716090192176
1447,-0.047470906786496195,-0.0010209450901928385
1448,-0.015596833607649574,-0.0014112940736977172
1449,0.029927423958248406,-0.001472936745795521
1450,0.036993800821190026,-0.0010672755563455555
1451,0.01503937007874013,-0.00039461302744748096
1452,0.03935516294893109,-0.000323180681151006
1453,0.034278105383298424,-0.00020873127285020492
1454,0.028164794007490567,0.00010160062428353722
1455,0.01979295764379969,0.0005463959971304499
1456,0.07573831232518421,0.000996795799363992
1457,-0.028430490284304815,0.001722078056279201
1458,0.011637857265103661,0.0014512119493200427
1459,0.0008609111884018045,0.0015521417347008808
1460,-0.006225336780514302,0.0014990010106079022
1461,0.0147644554319462,0.0012336647911649948
1462,0.011726825961701336,0.001369892082582949
1463,-0.006061638004426947,0.0014867819556402513
1464,-0.011453596092302624,0.0015113767098508578
1465,0.015453960077269808,0.0014148304909472748
1466,0.002871356549030128,0.0016989392079142134
1467,-0.0031590267509073724,0.001799105908554108
1468,-0.027632285791028614,0.001763647468369805
1469,0.008128401184817847,0.0016890459660270285
1470,0.021554963448794158,0.0019522188235806094
1471,0.015589366554341481,0.0021995020525837324
1472,0.024978959771082363,0.002457625105144016
1473,0.03205818965517255,0.0027995933632971393
1474,-0.013188976377952882,0.003474224373732676
1475,-0.015177065767285097,0.003769033907340058
1476,0.003989844033369725,0.0034520659191901535
1477,0.019471673035387983,0.0034956553044057414
1478,0.014097929674663041,0.003918855183111046
1479,-0.0021844739330310688,0.004210263388730081
1480,-0.018312387791741516,0.004146021110119698
1481,-0.024858349981986622,0.0035467926790825523
1482,-0.03498174576833727,0.003018333018271974
1483,-0.013189652241900926,0.002470543566382904
1484,-0.0170519136036379,0.001959343561376831
1485,-0.02146131407139883,0.0012813723316569886
1486,0.040688631221719423,0.0008750586089948066
1487,0.006173052384729328,0.0010366449436822274
1488,0.01957652176868433,0.0012649374943419442
1489,0.026464396698633395,0.001567173432580637
1490,0.033932733932733924,0.0017213577816361989
1491,0.013955898066897654,0.0018692649802356876
1492,-0.006143953140419593,0.0021591383561124613
1493,0.0006414162470735019,0.001012571151728981
1494,-0.00906315282018317,0.0010617875211885149
1495,0.010262844641765589,0.0008011957852575416
1496,0.011962109210824055,0.0009172304052181132
1497,0.006040160642570266,0.0009568886584796759
1498,-0.017000857987225598,0.0006099713048973057
1499,-0.0037270273743735542,0.0002155402827808249
1500,0.005520428796097273,2.9079481658347905e-05
1501,-0.003968380964572628,0.0002595011749792909
1502,0.003754135912445937,0.0003208209263565495
1503,-0.0034679138430211416,0.0003831229325592525
1504,-0.0005074210326017004,0.00030644921705080624
1505,0.008272614464348104,0.0005808598393607728
1506,0.013056398583712683,0.0007430452652439514
1507,0.012107226401972692,0.0011524146590315713
1508,-0.0005595275101026013,0.0015336112719002315
1509,0.006852088329647705,0.002154988146613996
1510,0.036442286745713245,0.0020382515504059114
1511,0.023470012239902128,0.0026163648516546244
1512,-0.009073156076310766,0.002837540398476182
1513,-0.018286059143029578,0.0025671486768126086
1514,-0.055653228250985017,0.0025997040065134213
1515,-0.036128194826467216,0.002303830953578647
1516,-0.006028110028871402,0.002291567052982969
1517,0.0098378516951868,0.002882438418564248
1518,-0.009875605355616764,0.0036025726607069554
1519,0.0037008677896886964,0.0035274241615682006
1520,0.001454269545698775,0.0032702802131023513
1521,0.020629404074865375,0.0028915689403053698
1522,-0.085811358394115,0.0030840125655415595
1523,-0.008492353498443602,0.002292575693722763
1524,-0.008626274335981551,0.00184071140718219
1525,-0.028693133412847217,0.0016397037563284484
1526,-0.0162953224467203,0.001301168620596175
1527,0.013972334777141262,0.0013626872271148879
1528,0.012076449173900827,0.0017965282219451234
1529,0.0035947599460786715,0.0019611022374936547
1530,-0.003701292025086675,0.001542539940998876
1531,0.0003074190463179117,0.0014204014039639501
1532,0.01957435179175336,0.00159115909182579
1533,0.031187633190136413,0.0018109654739761332
1534,0.019778374748153076,0.0018998823860348819
1535,0.004442543109122097,0.002096539457585965
1536,0.004661545532138454,0.0019537650087252047
1537,-0.009989553408200583,0.0017918139391603855
1538,0.007132526952406047,0.001657444498891414
1539,-0.001243618274643263,0.0016126669767719177
1540,-0.009801359121798223,0.0017860624908761658
1541,-0.010463865436646281,0.0021816283539117963
1542,0.0030161413277651557,0.002091037309553306
1543,0.014927837775355796,0.0018245328297389815
1544,0.006716516675489587,0.0017445490149122973
1545,-0.009566097489307542,0.001985824141944878
1546,0.004772876892692523,0.0021488156650224318
1547,0.003223896308967568,0.002588284714988533
1548,0.019433465085638923,0.0030952327459431704
1549,0.013527677694071389,0.0034455357328760554
1550,0.006136752688866565,0.003281538270234285
1551,-0.001605445671718469,0.0029729677889110506
1552,-0.01246346085895087,0.0028065196314064644
1553,-0.024957331014716776,0.002288333393327645
1554,-0.0020701212499589115,0.0016959790293474928
1555,-0.0031492963291013996,0.0013936298767729981
1556,-0.016048210133298324,0.0011642073370439873
1557,-0.004601025371368402,0.0002463421124591619
1558,0.02963702963702956,0.00048463676158852606
1559,0.01188131810424053,0.0006646284853077851
1560,0.009973685065462439,0.0007748325544661723
1561,0.013674216648844724,0.0009368227729259395
1562,0.021077358733427764,0.0009259203850949249
1563,0.016641549363516844,0.0010194257128121893
1564,0.014345430362910982,0.0012464575864916273
1565,0.018040425665890113,0.0015044478510437631
1566,0.006414869981537727,0.0015303125069299664
1567,0.004233360113713629,0.0015657476412550423
1568,0.003128678520537733,0.0016396715099012522
1569,0.013494318181818198,0.0019472811530169157
1570,-0.005546362689219839,0.0020009403229869194
1571,-0.018682158691331642,0.0017299270616067794
1572,-0.007418761496014764,0.0013872118091500481
1573,0.002868635215615403,0.0010632345964790768
1574,-0.015911834814103912,0.0007713390520835052
1575,-0.009576265882205677,0.0007441104677219951
1576,-0.002212109720642108,0.0008001184665727891
1577,-0.002575107296137346,0.0007380989290326709
1578,0.0038476094361045393,0.0005176311257174175
1579,0.02688307595335636,0.00041512792333183254
1580,-0.02765163297045097,0.0007058034221957069
1581,-0.06405430422709055,0.0006124109704086123
1582,-0.021551585901670976,0.00022045142795757298
1583,-0.0018057653161731282,0.00035475302662423604
1584,-0.014392271547333472,0.00046859189588151397
1585,-0.015899719610753732,0.0004951883164445583
1586,-0.011010812419402783,0.0005508042610510092
1587,0.014119629317607406,3.380982463978709e-05
1588,0.019170396099125003,0.00011327559396856787
1589,0.018987760502811805,0.00010921433727297458
1590,0.006671899529042453,3.444797531475868e-05
1591,-0.016535637710350125,-0.000238160368722156
1592,-0.013950456323337775,-0.0005430757264946337
1593,0.005724685638649961,-0.0006211407583238156
1594,0.01635094715852448,-0.000570308064408051
1595,-0.020746615974566684,-0.00031616706462097454
1596,0.0027039504055925384,-0.0006262616707842972
1597,0.029885829415715166,-0.0007188432588366125
1598,0.005972217639489234,-0.0004803865711051633
1599,0.011293668301998641,-0.0002506558148380151
1600,-0.012614491997783514,-0.00010044885807429315
1601,-0.010409846798481101,-0.000281798066013101
1602,0.01719378762180324,-0.0003462127243521858
1603,0.03894646511320864,-0.00021181620725861273
1604,0.008244689450030568,0.00021232758230368514
1605,-0.052737761245783873,0.0002998486871300078
1606,-0.01757974813015406,-0.000310255069971312
1607,0.00046579717859990136,-0.0006166165371099794
1608,-0.006514021431130509,-0.0007330308293437073
1609,0.003320824892903397,-0.0007925757685539864
1610,-0.02892941485174493,-0.0008278884029214293
1611,-0.011070478723404203,-0.0014816054188960112
1612,-0.012709590878604841,-0.0018270103285290746
1613,-0.01239936134796337,-0.0018633746765520155
1614,-0.030103512642117785,-0.0018045076986013533
1615,0.011880634565657898,-0.001549010542512681
1616,0.0003153468815698383,-0.0010689222485914297
1617,0.008923301274261287,-0.0010054876794870172
1618,0.0030152843725089404,-0.0010146331836962724
1619,-0.012139141079261428,-0.0008857242864150152
1620,-0.012768467436938368,-0.0010441243751045167
1621,-0.03272913816689464,-0.001186351744930888
1622,-0.015218992180103207,-0.001719937167348488
1623,-0.004766308600697073,-0.0010140135052083704
1624,0.005730965009077042,-0.000976753056230905
1625,0.018755571403102127,-0.0008331806627803191
1626,0.03363045562697549,-0.0003586936146208257
1627,0.006827365194371034,0.0001405641661161322
1628,-0.025155932320204043,6.911447028842992e-05
1629,-0.01440336308190623,-0.00030320934465261876
1630,-0.012839454059378,-0.0004831905749324678
1631,-0.00468392322592,-0.0005745721952753811
1632,0.011645246041326324,-0.0006244856179977602
1633,-0.0059479815577376475,-0.0007037766755020305
1634,0.02506796596405736,-0.0010751328229807711
1635,0.009590992806755363,-0.0010222369108217283
1636,0.01033653846153843,-0.0009707524138453956
1637,0.0274199104374784,-0.0009140024845513958
1638,-0.004717141208810002,-0.0005399078460946061
1639,-0.010859301227573084,-0.0006584045277067665
1640,-0.0055675103323427795,-0.0007545613572360646
1641,-0.03219472561698091,-0.0007122228693415103
1642,-0.01008875329357934,-0.0009295314711448566
1643,0.016593855693348494,-0.0010605804173583013
1644,0.004854029892443031,-0.0010439202381783746
1645,0.0006239816965367282,-0.0010625451060088402
1646,0.0040414507772021276,-0.0009606443141503973
1647,0.027875891682249507,-0.0009679585753053013
1648,0.04213253340605404,-0.0007214386215724819
1649,0.01109360640672179,-0.0004944479383683308
1650,0.01181207160444518,-0.0005187886512418267
1651,-0.011403138299600372,-0.0004620354620860406
1652,0.008309794390067758,-0.0005600123883648596
1653,0.03245508592963194,-0.00035227983587467334
1654,0.021694915254237376,0.00022184433356881383
1655,-0.004837595024187861,0.0004594946986107767
1656,0.007060170461773398,0.0004426117116599121
1657,-0.013418189798413735,0.0006736955176106294
1658,0.025297856709362174,0.000585523873340176
1659,0.00440184815184823,0.0005421321440635021
1660,0.0014681994252154517,0.00046733744453957915
1661,0.0006848888612165196,0.0003822825881371093
1662,0.00519009504752384,0.00025238931026082723
1663,-0.0039060078120155962,9.351667340178799e-05
1664,0.03357216607740672,-0.0001119588983535364
1665,0.032805604419344055,8.030845879142098e-05
1666,0.012577663282315606,0.0002279602463259604
1667,0.003845236675807689,0.0002895881793337392
1668,0.014427250142177408,0.00028570694495467976
1669,0.0021043272080617558,0.00039869266117107657
1670,-0.008873376911473278,0.00028479275143351217
1671,0.0060553889993767126,0.00025152260921097773
1672,0.014130890365846438,0.0004988980861180613
1673,0.006459833466678371,0.0007143946047366734
1674,-0.009463535813568312,0.0007503065872473029
1675,0.021486905945815617,0.0008147895772526591
1676,0.03461226451942445,0.0011254212955328718
1677,0.006371305527697555,0.0014936650379335375
1678,0.0012556210944344064,0.0015831291661718865
1679,-0.004323187474440502,0.0015572092827551853
1680,-0.005603876014243231,0.0012451466484772165
1681,0.0285302932361757,0.0014656242180392943
1682,0.029447745543516292,0.0023914701926719562
1683,0.0011131725417439313,0.0029014635071238294
1684,-0.02474453171184872,0.0029306528857029994
1685,-0.010162310709071684,0.0028271302840578473
1686,0.02411244747138094,0.002884504373074668
1687,0.023926893251463032,0.003235736971982505
1688,0.0005349852175137202,0.0033338096113210616
1689,0.014361897237662522,0.003147455502504948
1690,0.02786246612466126,0.003101196869853456
1691,0.0147865556514717,0.0033131025358096437
1692,0.013127413127413102,0.003626324469427862
1693,0.02343984500777683,0.0038971031639353708
1694,0.0248175581490693,0.00407425475762664
1695,0.0005571769700186692,0.004158920867532088
1696,0.008872901678657032,0.004371958796977941
1697,-0.007151308005784217,0.004433648309708585
1698,0.010120545767651326,0.0040632769354935925
1699,-0.0027112397999472827,0.004104760216775213
1700,-0.0035249882500392256,0.003964711135755753
1701,0.01631239424703896,0.004055606173233197
1702,0.006417644593461831,0.004322828583688397
1703,-0.01669518328407735,0.0042150671534049835
1704,-0.022211720226843045,0.0036586506694321237
1705,-0.019909526063857895,0.003354086572663387
1706,0.012981416644222981,0.003682368924482647
1707,-0.01082716344240104,0.003987980572226418
1708,-0.014456550624501721,0.003875050966016408
1709,0.0037162708030377884,0.0037956256740826954
1710,0.020732102364755443,0.00379958013318404
1711,-0.06579830804350745,0.004296195305349043
1712,-0.0976067698003437,0.003748917012148011
1713,-0.038143512487965034,0.002899945222930622
1714,-0.0009681678157548509,0.002642503711530606
1715,0.007878932033061885,0.002933857159794235
1716,-0.01314947343922727,0.002893840134468275
1717,-0.00713991890462464,0.0027591919312603035
1718,0.005611506541835359,0.0025985597294714445
1719,0.011373321186116921,0.002624521951164709
1720,0.012379076126907692,0.0028596465738184923
1721,-0.017024213492839523,0.0031111220094569526
1722,-0.004057328001401052,0.003268171256197504
1723,-0.026786755275737432,0.0033797878979845253
1724,-0.033654984608098355,0.0031595834312341214
1725,-0.010702361077987046,0.002765723935062368
1726,0.0171829696322295,0.0024711446102514763
1727,-0.007073838836880185,0.0023066697503040163
1728,-0.015761082481993677,0.0021676577099915043
1729,-0.020292747837658127,0.0022616062083736076
1730,-0.004334194024345163,0.0022027123608160887
1731,0.0343931708524063,0.002287764961166417
1732,0.021756353220793424,0.00267853590194968
1733,-0.0054313766450804065,0.0027796469737443514
1734,-0.0015231610070781916,0.002784813022870923
1735,-0.013151616366455829,0.002518901753159568
1736,0.0064158297106880115,0.002291475661427456
1737,0.035591065916106744,0.0022522685739189523
1738,0.03574205898187488,0.002333980128705235
1739,0.015396682450686908,0.002738572130612084
1740,0.0056936416184971885,0.003001131967394684
1741,-0.01596153299001341,0.003113743486903084
1742,-0.010349288486416624,0.003276075413172759
1743,-0.0014722013740545894,0.0032734700612443855
1744,-0.004910792119486249,0.0030928094905703554
1745,-0.01379905131522211,0.0029951612704510622
1746,0.016761893656716417,0.0028509309403334736
1747,0.01097469160827017,0.002978135369128617
1748,0.0049719967996342705,0.0028091233683888235
1749,-0.019507702612190248,0.002437518002324626
1750,0.030920469808247343,0.0021315049121355054
1751,0.022090059473236914,0.002322588894173527
1752,0.004907154408074474,0.0026575208719019
1753,0.002273231315147464,0.002623494472081967
1754,-0.010552777701041446,0.002321675925937122
1755,-0.006268539766049007,0.001999198996384334
1756,-0.007885685523335458,0.0019848895489657224
1757,-0.0025113575439487186,0.0018354309891146338
1758,-0.010058770343580476,0.0019444993116592842
1759,0.008086560364464783,0.0015909330411298574
1760,0.03322391893820461,0.0016277801632560232
1761,0.005915516427361334,0.0019453373583859148
1762,0.017969848138246668,0.0019976436340473627
1763,0.007424047338575012,0.0021254411649545913
1764,-0.002906897769567207,0.002238741716460497
1765,0.0035041017004401056,0.0018739510779907582
1766,0.012578444747612588,0.0015809360508017188
1767,-0.003846257295785273,0.0015809438654546882
1768,-0.025257829119207247,0.0015040289257387584
1769,-0.016374332420636052,0.0011071781331249122
1770,-0.0057496805733014645,0.000922391536837934
1771,-0.01532249142604276,0.0009536285002196523
1772,-0.018373653294730008,0.0007398496959654575
1773,-0.01054733644596951,0.0004148042593596929
1774,0.05228535783146194,0.00024473256023321404
1775,0.02424258877185364,0.0008622214966835165
1776,0.01676595056470517,0.0008897783249438968
1777,-5.3225463061480226e-05,0.000711315185396704
1778,0.002551427204592666,0.0006470698754891135
1779,0.00947157190635457,0.0006600279365906963
1780,0.0025712392312790652,0.000797975530398647
1781,0.03346378084817505,0.00087972668285387
1782,0.0010276679841896873,0.0009290615589738635
1783,-0.002550555656768129,0.0006448607833805975
1784,0.011865074156713581,0.0006082235013954768
1785,0.019609907609697,0.0009743195600810998
1786,0.020377436855904176,0.0012720417432687866
1787,0.0029196332530862143,0.001234691637114019
1788,0.002951821145306692,0.001024619037130251
1789,0.001405678942929464,0.0010487873964081804
1790,0.009834554115658535,0.00091922521346085
1791,0.01688661114670077,0.0007389460933708228
1792,0.024715166586312797,0.0007599466483231135
1793,-0.0044177815708225385,0.0008758241829121104
1794,-0.01213248976553774,0.0005972479171261167
1795,0.002128192288432706,0.00022774743798004637
1796,-0.010624203184761144,0.0002434575911641867
1797,-0.015166230855435267,4.8486542530004946e-05
1798,0.006006534305101893,-3.166268596650555e-05
1799,0.008044243338360957,-7.280280059199988e-05
1800,0.006359895248784166,3.4752030791082515e-05
1801,0.029701978462309073,0.00013360086577931643
1802,0.04135963279990079,0.0002674967079320176
1803,0.0029647126880062145,0.0006169165899964071
1804,-0.010025419903546972,0.0008135155497172428
1805,-0.0030422805126362005,0.0009353785529502035
1806,0.00038307754926130235,0.0011040510084624206
1807,-0.004900783164368336,0.0009780676175128037
1808,-0.0064939750342737305,0.0010373314202931309
1809,-0.007674485954242704,0.0011169571761954105
1810,-0.015341499359764255,0.0010030496086226057
1811,-0.013084020895376686,0.0006423135913774087
1812,0.00786795730950612,0.0011694564628587163
1813,0.004260768908701373,0.0022242037339572146
1814,-0.006800058705542715,0.0026482465479238785
1815,-0.0012067479374461498,0.0025899276390259993
1816,-0.006277894943351674,0.002499070839320919
1817,2.459359091018643e-05,0.0025677866242796756
1818,-0.013336280577659903,0.002639431749235024
1819,-0.01548025957299252,0.002449953878040071
1820,-0.00347912524850889,0.0021814180704489766
1821,0.022694144257351168,0.002022836056694811
1822,0.0020612412148905655,0.002420019634196718
1823,-0.022621211376921895,0.0024812053263596344
1824,-0.026358283854619427,0.002522860765347789
1825,-0.014259569925270736,0.002595827772882579
1826,-0.0014111247947455137,0.002560255684409742
1827,0.018936466223527654,0.0023743147401399916
1828,0.009544468546637621,0.00263441779074407
1829,-0.003578268319725731,0.002887473301030383
1830,-0.012689522944574719,0.003054618096209707
1831,0.009431324198591605,0.0029710648070074112
1832,-0.005130940587772059,0.0027214463404692645
1833,-0.026487543489854503,0.0024525734023836095
1834,0.018469992622179233,0.0022420117339358686
1835,0.04026392352452203,0.002441943270228443
1836,0.009109059146493721,0.0029760986691382213
1837,0.015540034921426835,0.0030030309634962787
1838,0.0012114918656974958,0.0028025206535494795
1839,-0.018162680831273002,0.0024572149823877056
1840,0.014200890648193987,0.0021216213495681064
1841,0.026540307937218656,0.0022066938398650746
1842,0.0017564831304431958,0.002631712249137395
1843,0.007717697310940702,0.0027527699653059935
1844,0.03123325049943964,0.0028446689521559464
1845,0.029386488422057776,0.003206109378345205
1846,0.010575903898245222,0.0036379647757180046
1847,0.0122933740797333,0.0035761048781332923
1848,0.016902524887510782,0.003589291702847923
1849,0.010783279034552352,0.0037085969837266884
1850,0.0025337259467233075,0.004011506800194115
1851,0.009343457306538178,0.0037276393615788745
1852,0.043739611557640154,0.0036001733399118867
1853,0.009348505131637657,0.003988497911407544
1854,-0.01069658231150526,0.004059250649572446
1855,-0.001624731041145111,0.004057812603467808
1856,0.002185671707694026,0.004104250690716846
1857,-0.020485851340051937,0.004204964263027141
1858,-0.02189360901423426,0.004025219325066109
1859,-0.004191916890691154,0.003906870938359571
1860,0.006871048006026413,0.0037840861658080117
1861,-0.017187181980596627,0.00352055745648623
1862,-0.005635538114034149,0.0032895304724066504
1863,0.001492914398585255,0.0030534766098838416
1864,-0.0005523717461852035,0.0029941652804839447
1865,-0.005136510874595027,0.0030177105407177647
1866,-0.009393130122479144,0.0029313044149674133
1867,0.002455465727721287,0.002711588666266496
1868,0.01784640991261738,0.0027746058965015612
1869,0.02274761850109038,0.0032056482868198077
1870,-0.0026048155111101814,0.003596867796037072
1871,-0.013561467350767353,0.0036283164466589853
1872,-0.009544869914479812,0.003645926687411739
1873,0.0069897912259725085,0.0037342145212142406
1874,0.006992213217099103,0.003909585797933661
1875,0.024338143392796226,0.003456654351790033
1876,0.013535085549834833,0.0034576098979994586
1877,-0.018464334796293797,0.0034253012478507555
1878,-0.014594135526550985,0.0032411901545184325
1879,-0.02087222509615175,0.003069734527206996
1880,-0.006531005087309278,0.0027662965571819327
1881,-0.004122349511467425,0.0026752741139960488
1882,0.003795934234296094,0.0022994128103996244
1883,0.0017733721353220026,0.0023270954729006886
1884,0.014821073785653952,0.0023703347508215898
1885,-0.004665629860031089,0.0023998947471109934
1886,-0.004241948153966976,0.0021571393724137125
1887,0.015440859238402351,0.001910945522315001
1888,0.016949152542372906,0.002036157782168162
1889,0.006687997155934744,0.0021761310961388243
1890,-0.005504868848144554,0.002228954278268877
1891,0.018576673006324863,0.002075560048630846
1892,0.010941876750700281,0.0020924606672270874
1893,0.0051035920601138485,0.001954727768870962
1894,-0.00507987289509527,0.002049941505180326
1895,-0.009266642242958333,0.002120467673884751
1896,-0.0111940298507462,0.0020065193285708403
1897,-0.024350472877486658,0.0020008210619109896
1898,0.0271774647887324,0.0019089786416904761
1899,0.0019935762542918024,0.002120687946526781
1900,-0.008578135626686613,0.0020601812756860897
1901,-0.021560077519379765,0.001910800966931382
1902,-0.00952210648665562,0.0013981804071144931
1903,-0.005316033698247542,0.0008893630142489292
1904,0.006818848924112169,0.0008065555503863917
1905,0.0025949409932982314,0.000974998238662983
1906,0.012574394773347663,0.0010313704537223273
1907,0.012925549726532025,0.001153283625963191
1908,0.0017250149280137396,0.0013315469548721944
1909,-0.009753944609952464,0.0014137368544950694
1910,-0.015525618374558368,0.0013929422679379716
1911,-0.0026564278857960453,0.0013911010777900303
1912,-0.0056672393404583335,0.001495377007885837
1913,-0.005676081933008838,0.0013600250413861922
1914,-0.006352925274279649,0.0012606565329690903
1915,-0.01919524174289199,0.0012651278672817208
1916,-0.021291115053910226,0.0010852429292272626
1917,-0.008713740899110093,0.0009351107281216771
1918,0.005080381376574565,0.0008477273832214742
1919,0.008991800223630298,0.001031894002763819
1920,0.0011274475966959092,0.0012766146007300472
1921,0.0035111070313934953,0.0013226803291820951
1922,-0.0028617871288262094,0.0011308499569225184
1923,-0.013019232957778598,0.0010816196734853506
1924,-0.0228050432905404,0.0011776394576767837
1925,-0.012876534027519572,0.0012131718633175738
1926,0.006086241334743214,0.0012270022222950856
1927,-0.0025649472891565678,0.0013019758835899728
1928,0.0053932899068431794,0.0010869617484631305
1929,0.020205327284207538,0.0010454499620651861
1930,0.02234091964700419,0.001283285918104519
1931,0.006953498478922255,0.0016335903440203078
1932,0.0063623601865688585,0.0016088120868236145
1933,0.005584318690511113,0.0017237450945670238
1934,0.0069142010505994726,0.0020444637163706796
1935,0.005104450091070673,0.001928905800654882
1936,-0.009284203495491394,0.0015773110663203688
1937,-0.007549698458789358,0.0013933784399005173
1938,-0.011258499609853999,0.0011624811060983555
1939,0.01792187324102226,0.0010377811913428407
1940,0.013570172670303372,0.0013986267320657932
1941,-0.003175653324512069,0.001392319552286887
1942,-0.013232808468997395,0.0010951599396695798
1943,-0.010389726210648284,0.0009452670236751739
1944,-0.010457752034077816,0.000764192788459284
1945,-0.009465428648697479,0.0003472827631241094
1946,-0.002183853135876566,-4.123640758344312e-05
1947,0.0012332990750256105,-0.00016883397792466102
1948,0.020645101961054697,-0.0002794347279717379
1949,0.008806972943526411,-0.00024200895723629874
1950,-0.007537176614381712,-0.0002617720181465581
1951,-0.017617676176761733,-0.0003624810437576084
1952,-0.010595058683837937,-0.0006320923785906074
1953,-0.01589275843007194,-0.0011754390810053883
1954,-0.010921517467500893,-0.0014278517166224842
1955,0.013953379844599524,-0.0014301010681824408
1956,0.009436798889788328,-0.0012743199593249943
1957,0.011627638712654332,-0.0012018086875040513
1958,0.01772869789745481,-0.0008806737869769886
1959,0.02541522175579482,-0.0004844507178600978
1960,0.0032928864630790283,-0.00018837933139523807
1961,0.13261287868617708,-0.00022416094682471194
1962,0.027353819714390944,0.0012738396598430252
1963,-0.004424778761061965,0.001603733238127276
1964,0.026282306163021924,0.001544556306530804
1965,0.024530938123752424,0.0018129030856228751
1966,-0.0161487075225095,0.0021095775756063495
1967,-0.013419560320049656,0.002042021801606046
1968,0.0207238590069079,0.0018832715411283367
1969,0.011116339254205418,0.001912046032071242
1970,-0.006586676424705954,0.0017957332396023923
1971,-0.0018447318342460783,0.0017559146304664344
1972,-0.005499506206308782,0.0018730819856316472
1973,-0.009684854824026189,0.0019135356227133577
1974,0.0023497620865887106,0.0017467891622133707
1975,-0.017202080614053747,0.0017003646509082667
1976,-0.00644757922707204,0.0012849624108397669
1977,0.001822215179844747,0.001085135763070698
1978,0.0022562641016506085,0.0012880012628320836
1979,0.02458610092197874,0.0014565052591140994
1980,0.02828054298642534,0.0019110885192954044
1981,-0.0003478395300302691,0.0022592040000327506
1982,-0.003204942562023519,0.002296949099847122
1983,-0.010166091166882042,0.002226940331883926
1984,-0.00912118982144928,0.0021075456988618856
1985,0.003996197792391599,0.0018681230627908532
1986,0.004766444232602567,0.0019547413393150802
1987,0.012102932931191135,0.0020448252631807755
1988,0.020477749951839715,0.0020114460001086636
1989,0.013852368431081096,0.0020467319742033317
1990,-0.002313987395353033,0.002118375686954795
1991,-0.007223340418728075,0.0021502845014827105
1992,-0.009637603561968092,0.001892284367232181
1993,0.006882129277566549,0.0016864895641054971
1994,0.00568214211056424,0.0017042749362800242
1995,0.011981932606353886,0.0018118950863366193
1996,0.007806809480230962,0.0020243808348297415
1997,0.013611411927256364,0.002214389228139513
1998,0.0015231443643657335,0.002594008076186943
1999,-0.01604071733058948,0.0023374648719432763
2000,-0.01739709801599069,0.002157121936094464
2001,-0.002062660274278094,0.002068932312201423
2002,0.006428088113675801,0.0022639064846524397
2003,0.00991461894752493,0.0024234084306557543
2004,0.013270460179300328,0.0025757149571134785
2005,0.017717590112143723,0.00264023106966536
2006,0.023698160274399672,0.0027914575608538154
2007,0.003625083412988964,0.002902695215864335
2008,0.00223998279693212,0.0028096905527289053
2009,0.003945763684625952,0.0028148402314180886
2010,-0.009419152276295086,0.0029518373143638727
2011,0.00033884400691944585,0.003012901975346506
2012,0.0007904002299347104,0.00304285469427366
